country,year,income_spell_1,income_spell_2,income_spell_3,income_spell_4,income_spell_5,income_spell_6,income_spell_7,income_spell_8
Albania,2016,,,,,4.3984137,,,
Albania,2017,,,,,4.8303404,,,
Albania,2018,,,,,5.1714234,,,
Argentina (urban),1980,13.820325,,,,,,,
Argentina (urban),1986,14.5273,,,,,,,
Argentina (urban),1987,12.763772,,,,,,,
Argentina (urban),1991,8.892191,,,,,,,
Argentina (urban),1992,,8.792565,,,,,,
Argentina (urban),1993,,8.679181,,,,,,
Argentina (urban),1994,,8.344768,,,,,,
Argentina (urban),1995,,7.425091,,,,,,
Argentina (urban),1996,,6.9865003,,,,,,
Argentina (urban),1997,,7.367861,,,,,,
Argentina (urban),1998,,,6.679981,,,,,
Argentina (urban),1999,,,6.5456276,,,,,
Argentina (urban),2000,,,5.9924374,,,,,
Argentina (urban),2001,,,5.050826,,,,,
Argentina (urban),2002,,,3.3699496,,,,,
Argentina (urban),2003,,,,5.4523115,,,,
Argentina (urban),2004,,,,6.3610835,,,,
Argentina (urban),2005,,,,7.208542,,,,
Argentina (urban),2006,,,,8.343584,,,,
Argentina (urban),2007,,,,8.651815,,,,
Argentina (urban),2008,,,,9.433548,,,,
Argentina (urban),2009,,,,9.97922,,,,
Argentina (urban),2010,,,,10.54837,,,,
Argentina (urban),2011,,,,11.483002,,,,
Argentina (urban),2012,,,,11.927266,,,,
Argentina (urban),2013,,,,11.985613,,,,
Argentina (urban),2014,,,,10.8817835,,,,
Argentina (urban),2016,,,,11.1676235,,,,
Argentina (urban),2017,,,,12.167893,,,,
Argentina (urban),2018,,,,10.848057,,,,
Argentina (urban),2019,,,,9.95724,,,,
Argentina (urban),2020,,,,8.831299,,,,
Argentina (urban),2021,,,,9.956188,,,,
Argentina (urban),2022,,,,9.922498,,,,
Argentina (urban),2023,,,,9.230082,,,,
Argentina (urban),2024,,,,9.694641,,,,
Armenia,1996,2.8831363,,,,,,,
Australia,1981,23.152082,,,,,,,
Australia,1985,,23.236433,,,,,,
Australia,1989,,,23.320215,,,,,
Australia,1995,,,,21.761427,,,,
Australia,2001,,,,24.44926,,,,
Australia,2003,,,,25.150396,,,,
Australia,2004,,,,27.335339,,,,
Australia,2008,,,,32.717693,,,,
Australia,2010,,,,33.23611,,,,
Australia,2014,,,,36.336624,,,,
Australia,2016,,,,35.70007,,,,
Australia,2018,,,,36.434593,,,,
Australia,2020,,,,38.187313,,,,
Austria,1994,,34.96372,,,,,,
Austria,1995,,34.999683,,,,,,
Austria,1996,,33.351257,,,,,,
Austria,1997,,34.06552,,,,,,
Austria,1998,,34.287415,,,,,,
Austria,1999,,36.073303,,,,,,
Austria,2000,,35.967766,,,,,,
Austria,2003,,,37.4208,,,,,
Austria,2004,,,39.10328,,,,,
Austria,2005,,,38.207554,,,,,
Austria,2006,,,38.565712,,,,,
Austria,2007,,,38.94712,,,,,
Austria,2008,,,40.28589,,,,,
Austria,2009,,,40.591785,,,,,
Austria,2010,,,41.86713,,,,,
Austria,2011,,,40.153824,,,,,
Austria,2012,,,40.36699,,,,,
Austria,2013,,,41.905853,,,,,
Austria,2014,,,41.022537,,,,,
Austria,2015,,,40.855663,,,,,
Austria,2016,,,43.028015,,,,,
Austria,2017,,,43.056076,,,,,
Austria,2018,,,42.353733,,,,,
Austria,2019,,,43.901554,,,,,
Austria,2020,,,44.81892,,,,,
Austria,2021,,,43.843685,,,,,
Austria,2022,,,46.829086,,,,,
Austria,2023,,,45.65524,,,,,
Belarus,1993,4.455449,,,,,,,
Belarus,1995,5.528607,,,,,,,
Belgium,1985,24.694738,,,,,,,
Belgium,1988,25.775343,,,,,,,
Belgium,1992,28.45599,,,,,,,
Belgium,1995,,31.77493,,,,,,
Belgium,1997,32.492188,,,,,,,
Belgium,2000,,35.626163,,,,,,
Belgium,2003,,,33.65758,,,,,
Belgium,2004,,,34.86803,,,,,
Belgium,2005,,,36.007828,,,,,
Belgium,2006,,,35.715878,,,,,
Belgium,2007,,,36.178127,,,,,
Belgium,2008,,,37.196766,,,,,
Belgium,2009,,,37.698452,,,,,
Belgium,2010,,,37.278362,,,,,
Belgium,2011,,,36.380756,,,,,
Belgium,2012,,,38.121765,,,,,
Belgium,2013,,,37.50558,,,,,
Belgium,2014,,,37.574482,,,,,
Belgium,2015,,,37.85305,,,,,
Belgium,2016,,,37.731834,,,,,
Belgium,2017,,,38.8737,,,,,
Belgium,2018,,,40.201168,,,,,
Belgium,2019,,,41.552856,,,,,
Belgium,2020,,,42.949085,,,,,
Belgium,2021,,,43.87954,,,,,
Belgium,2022,,,42.73179,,,,,
Belgium,2023,,,42.04718,,,,,
Belize,1993,3.1945763,,,,,,,
Belize,1994,3.0768769,,,,,,,
Belize,1996,,,2.7645292,,,,,
Belize,1997,2.5509162,,,,,,,
Belize,1998,2.5674376,,,,,,,
Belize,1999,2.680558,,,,,,,
Bolivia,1997,,3.2366397,,,,,,
Bolivia,1999,,,2.1108043,,,,,
Bolivia,2000,,,,1.6693891,,,,
Bolivia,2001,,,,2.5901413,,,,
Bolivia,2002,,,,2.4517791,,,,
Bolivia,2004,,,,,3.9614096,,,
Bolivia,2005,,,,,,3.2194338,,
Bolivia,2006,,,,,,3.793498,,
Bolivia,2007,,,,,,4.3291974,,
Bolivia,2008,,,,,,5.1868386,,
Bolivia,2009,,,,,,5.6889052,,
Bolivia,2011,,,,,,6.7519407,,
Bolivia,2012,,,,,,6.7159452,,
Bolivia,2013,,,,,,7.2825475,,
Bolivia,2014,,,,,,7.6502137,,
Bolivia,2015,,,,,,7.598192,,
Bolivia,2016,,,,,,7.2876415,,
Bolivia,2017,,,,,,7.4760923,,
Bolivia,2018,,,,,,7.9626474,,
Bolivia,2019,,,,,,8.971635,,
Bolivia,2020,,,,,,8.431139,,
Bolivia,2021,,,,,,9.039622,,
Bolivia,2022,,,,,,8.717477,,
Bolivia,2023,,,,,,9.013061,,
Bolivia (urban),1990,4.7264943,,,,,,,
Bolivia (urban),1992,3.5813859,,,,,,,
Brazil,1981,2.1509974,,,,,,,
Brazil,1982,2.1163158,,,,,,,
Brazil,1983,1.7794359,,,,,,,
Brazil,1984,1.8284974,,,,,,,
Brazil,1985,2.0284607,,,,,,,
Brazil,1986,3.3928876,,,,,,,
Brazil,1987,2.4638214,,,,,,,
Brazil,1988,2.2425866,,,,,,,
Brazil,1989,2.418813,,,,,,,
Brazil,1990,2.1200523,,,,,,,
Brazil,1992,2.1685207,,,,,,,
Brazil,1993,2.2607737,,,,,,,
Brazil,1995,3.0451438,,,,,,,
Brazil,1996,2.934646,,,,,,,
Brazil,1997,2.9319494,,,,,,,
Brazil,1998,3.091213,,,,,,,
Brazil,1999,2.9954145,,,,,,,
Brazil,2001,3.3311932,,,,,,,
Brazil,2002,3.4749017,,,,,,,
Brazil,2003,3.3763409,,,,,,,
Brazil,2004,3.5973318,,,,,,,
Brazil,2005,3.8449008,,,,,,,
Brazil,2006,4.253943,,,,,,,
Brazil,2007,4.4847655,,,,,,,
Brazil,2008,4.9114285,,,,,,,
Brazil,2009,5.131168,,,,,,,
Brazil,2011,5.778536,,,,,,,
Brazil,2012,,6.0935903,,,,,,
Brazil,2013,,6.5211086,,,,,,
Brazil,2014,,6.8516364,,,,,,
Brazil,2015,,6.6049895,,,,,,
Brazil,2016,,6.2421055,,,,,,
Brazil,2017,,6.2413926,,,,,,
Brazil,2018,,6.302019,,,,,,
Brazil,2019,,6.3499184,,,,,,
Brazil,2020,,8.096854,,,,,,
Brazil,2021,,6.0831013,,,,,,
Brazil,2022,,7.000129,,,,,,
Brazil,2023,,7.425772,,,,,,
Bulgaria,1992,,12.871562,,,,,,
Bulgaria,2006,,,,,,6.0708094,,
Bulgaria,2007,,,,,,8.681702,,
Bulgaria,2008,,,,,,9.863482,,
Bulgaria,2009,,,,,,10.1952305,,
Bulgaria,2010,,,,,,9.342434,,
Bulgaria,2011,,,,,,9.144298,,
Bulgaria,2012,,,,,,9.196057,,
Bulgaria,2013,,,,,,10.048805,,
Bulgaria,2014,,,,,,10.5987625,,
Bulgaria,2015,,,,,,,9.745226,
Bulgaria,2016,,,,,,,11.17156,
Bulgaria,2017,,,,,,,11.39264,
Bulgaria,2018,,,,,,,12.937359,
Bulgaria,2019,,,,,,,13.528559,
Bulgaria,2020,,,,,,,15.4103985,
Bulgaria,2021,,,,,,,15.778794,
Bulgaria,2022,,,,,,,16.82563,
Bulgaria,2023,,,,,,,17.867748,
Canada,1971,16.617718,,,,,,,
Canada,1973,19.927713,,,,,,,
Canada,1975,23.028345,,,,,,,
Canada,1977,24.486872,,,,,,,
Canada,1979,25.647564,,,,,,,
Canada,1981,27.47222,,,,,,,
Canada,1982,26.71088,,,,,,,
Canada,1984,26.223747,,,,,,,
Canada,1985,27.272636,,,,,,,
Canada,1986,27.914145,,,,,,,
Canada,1987,28.645496,,,,,,,
Canada,1988,29.64055,,,,,,,
Canada,1989,30.440794,,,,,,,
Canada,1990,29.879591,,,,,,,
Canada,1991,28.336071,,,,,,,
Canada,1992,28.887423,,,,,,,
Canada,1993,27.830633,,,,,,,
Canada,1994,28.764372,,,,,,,
Canada,1995,28.308859,,,,,,,
Canada,1996,,26.091654,,,,,,
Canada,1997,,26.495636,,,,,,
Canada,1998,,27.643589,,,,,,
Canada,1999,,28.360712,,,,,,
Canada,2000,,29.200941,,,,,,
Canada,2001,,29.965647,,,,,,
Canada,2002,,30.11204,,,,,,
Canada,2003,,29.867817,,,,,,
Canada,2004,,30.641666,,,,,,
Canada,2005,,31.695864,,,,,,
Canada,2006,,32.22455,,,,,,
Canada,2007,,33.997597,,,,,,
Canada,2008,,34.481983,,,,,,
Canada,2009,,34.05096,,,,,,
Canada,2010,,34.607002,,,,,,
Canada,2011,,35.92006,,,,,,
Canada,2012,,,34.662292,,,,,
Canada,2013,,,35.467342,,,,,
Canada,2014,,,36.438168,,,,,
Canada,2015,,,35.869938,,,,,
Canada,2016,,,36.70772,,,,,
Canada,2017,,,37.169155,,,,,
Canada,2018,,,38.489246,,,,,
Canada,2019,,,39.278587,,,,,
Canada,2020,,,43.808746,,,,,
Canada,2021,,,42.64202,,,,,
Chile,1987,2.8561265,,,,,,,
Chile,1990,3.3636732,,,,,,,
Chile,1992,3.9938443,,,,,,,
Chile,1994,4.1427007,,,,,,,
Chile,1996,4.726406,,,,,,,
Chile,1998,4.907288,,,,,,,
Chile,2000,,4.763911,,,,,,
Chile,2003,,4.83522,,,,,,
Chile,2006,,,6.4035997,,,,,
Chile,2009,,,7.086513,,,,,
Chile,2011,,,7.6989284,,,,,
Chile,2013,,,9.463146,,,,,
Chile,2015,,,10.345789,,,,,
Chile,2017,,,11.378358,,,,,
Chile,2020,,,10.7495365,,,,,
Chile,2022,,,13.312363,,,,,
China,1981,0.7561617,,,,,,,
China,1984,1.0230142,,,,,,,
China,1987,1.1834918,,,,,,,
China (rural),1981,0.69655424,,,,,,,
China (rural),1984,0.9316142,,,,,,,
China (rural),1987,1.0549423,,,,,,,
China (urban),1981,1.5321745,,,,,,,
China (urban),1984,1.7709897,,,,,,,
China (urban),1987,2.0558572,,,,,,,
Colombia,1992,,3.385106,,,,,,
Colombia,1996,,2.551348,,,,,,
Colombia,1999,,2.1689332,,,,,,
Colombia,2000,,2.6146955,,,,,,
Colombia,2001,,,2.1856093,,,,,
Colombia,2002,,,,2.8692908,,,,
Colombia,2003,,,,3.0223022,,,,
Colombia,2004,,,,3.067869,,,,
Colombia,2005,,,,3.312712,,,,
Colombia,2008,,,,,3.4215035,,,
Colombia,2009,,,,,3.6276388,,,
Colombia,2010,,,,,3.8985283,,,
Colombia,2011,,,,,4.1934347,,,
Colombia,2012,,,,,4.3600297,,,
Colombia,2013,,,,,4.5889864,,,
Colombia,2014,,,,,4.8091307,,,
Colombia,2015,,,,,4.9854255,,,
Colombia,2016,,,,,5.05194,,,
Colombia,2017,,,,,5.1407247,,,
Colombia,2018,,,,,5.116725,,,
Colombia,2019,,,,,4.935313,,,
Colombia,2020,,,,,3.9951363,,,
Colombia,2021,,,,,,4.4511557,,
Colombia,2022,,,,,,4.8955855,,
Colombia,2023,,,,,,5.249409,,
Colombia (urban),1980,2.2132154,,,,,,,
Colombia (urban),1988,,2.8531122,,,,,,
Colombia (urban),1989,,2.8732753,,,,,,
Colombia (urban),1991,,3.0763168,,,,,,
Costa Rica,1981,1.8821974,,,,,,,
Costa Rica,1986,3.0835595,,,,,,,
Costa Rica,1989,,3.820331,,,,,,
Costa Rica,1990,,3.9299595,,,,,,
Costa Rica,1991,,3.3327358,,,,,,
Costa Rica,1992,,3.835198,,,,,,
Costa Rica,1993,,4.4439116,,,,,,
Costa Rica,1994,,5.0151215,,,,,,
Costa Rica,1995,,4.7913985,,,,,,
Costa Rica,1996,,4.414005,,,,,,
Costa Rica,1997,,4.7788706,,,,,,
Costa Rica,1998,,5.398086,,,,,,
Costa Rica,1999,,4.970651,,,,,,
Costa Rica,2000,,4.874273,,,,,,
Costa Rica,2001,,,5.961602,,,,,
Costa Rica,2002,,,6.0418615,,,,,
Costa Rica,2003,,,6.109391,,,,,
Costa Rica,2004,,,6.0967617,,,,,
Costa Rica,2005,,,6.4845967,,,,,
Costa Rica,2006,,,6.5342336,,,,,
Costa Rica,2007,,,7.4334316,,,,,
Costa Rica,2008,,,7.506966,,,,,
Costa Rica,2009,,,7.6288924,,,,,
Costa Rica,2010,,,,8.557593,,,,
Costa Rica,2011,,,,8.332545,,,,
Costa Rica,2012,,,,8.718715,,,,
Costa Rica,2013,,,,8.757613,,,,
Costa Rica,2014,,,,8.744049,,,,
Costa Rica,2015,,,,8.956389,,,,
Costa Rica,2016,,,,9.105236,,,,
Costa Rica,2017,,,,9.444029,,,,
Costa Rica,2018,,,,9.3453045,,,,
Costa Rica,2019,,,,9.108847,,,,
Costa Rica,2020,,,,7.5402136,,,,
Costa Rica,2021,,,,8.837377,,,,
Costa Rica,2022,,,,8.977596,,,,
Costa Rica,2023,,,,9.598182,,,,
Costa Rica,2024,,,,10.493591,,,,
Croatia,1988,17.004826,,,,,,,
Croatia,2009,,,,13.738479,,,,
Croatia,2010,,,,12.814738,,,,
Croatia,2011,,,,12.27817,,,,
Croatia,2012,,,,11.74046,,,,
Croatia,2013,,,,11.6166315,,,,
Croatia,2014,,,,12.290618,,,,
Croatia,2015,,,,13.112795,,,,
Croatia,2016,,,,14.377751,,,,
Croatia,2017,,,,15.535205,,,,
Croatia,2018,,,,16.958218,,,,
Croatia,2019,,,,18.57432,,,,
Croatia,2020,,,,18.545607,,,,
Croatia,2021,,,,20.240137,,,,
Croatia,2022,,,,20.405624,,,,
Croatia,2023,,,,23.19247,,,,
Cyprus,2004,27.914835,,,,,,,
Cyprus,2005,29.625317,,,,,,,
Cyprus,2006,32.243595,,,,,,,
Cyprus,2007,31.996073,,,,,,,
Cyprus,2008,31.445375,,,,,,,
Cyprus,2009,31.353687,,,,,,,
Cyprus,2010,32.436554,,,,,,,
Cyprus,2011,31.720152,,,,,,,
Cyprus,2012,28.640846,,,,,,,
Cyprus,2013,26.3117,,,,,,,
Cyprus,2014,24.696024,,,,,,,
Cyprus,2015,26.028976,,,,,,,
Cyprus,2016,27.451654,,,,,,,
Cyprus,2017,28.83545,,,,,,,
Cyprus,2018,30.624939,,,,,,,
Cyprus,2019,31.71553,,,,,,,
Cyprus,2020,32.416477,,,,,,,
Cyprus,2021,33.2743,,,,,,,
Cyprus,2022,32.809204,,,,,,,
Cyprus,2023,34.93003,,,,,,,
Czechia,1992,14.745946,,,,,,,
Czechia,1993,13.841896,,,,,,,
Czechia,1996,16.339588,,,,,,,
Czechia,2002,17.17288,,,,,,,
Czechia,2004,,18.423971,,,,,,
Czechia,2005,,19.078693,,,,,,
Czechia,2006,,20.393463,,,,,,
Czechia,2007,,22.10357,,,,,,
Czechia,2008,,22.862108,,,,,,
Czechia,2009,,22.965424,,,,,,
Czechia,2010,,22.735275,,,,,,
Czechia,2011,,22.712229,,,,,,
Czechia,2012,,22.285631,,,,,,
Czechia,2013,,22.389446,,,,,,
Czechia,2014,,23.340391,,,,,,
Czechia,2015,,24.213585,,,,,,
Czechia,2016,,25.719784,,,,,,
Czechia,2017,,26.717232,,,,,,
Czechia,2018,,27.849083,,,,,,
Czechia,2019,,28.694931,,,,,,
Czechia,2020,,28.701912,,,,,,
Czechia,2021,,30.741056,,,,,,
Czechia,2022,,28.666706,,,,,,
Czechia,2023,,27.457354,,,,,,
Denmark,1987,34.711872,,,,,,,
Denmark,1992,35.46015,,,,,,,
Denmark,1995,37.25558,,,,,,,
Denmark,2000,38.88261,,,,,,,
Denmark,2003,,36.748066,,,,,,
Denmark,2004,,38.253906,,,,,,
Denmark,2005,,38.457283,,,,,,
Denmark,2006,,39.06104,,,,,,
Denmark,2007,,40.210957,,,,,,
Denmark,2008,,40.332672,,,,,,
Denmark,2009,,39.65869,,,,,,
Denmark,2010,,40.52743,,,,,,
Denmark,2011,,40.0966,,,,,,
Denmark,2012,,39.881706,,,,,,
Denmark,2013,,40.291737,,,,,,
Denmark,2014,,41.2336,,,,,,
Denmark,2015,,41.76785,,,,,,
Denmark,2016,,42.075302,,,,,,
Denmark,2017,,42.201397,,,,,,
Denmark,2018,,43.30391,,,,,,
Denmark,2019,,44.013985,,,,,,
Denmark,2020,,44.96695,,,,,,
Denmark,2021,,45.27328,,,,,,
Denmark,2022,,43.16769,,,,,,
Denmark,2023,,43.414314,,,,,,
Dominican Republic,1986,5.1441007,,,,,,,
Dominican Republic,1989,,2.9137416,,,,,,
Dominican Republic,1992,,,4.19275,,,,,
Dominican Republic,1996,,,,4.990025,,,,
Dominican Republic,1997,,,,5.1220784,,,,
Dominican Republic,2000,,,,,5.146979,,,
Dominican Republic,2001,,,,,5.16161,,,
Dominican Republic,2002,,,,,4.9606414,,,
Dominican Republic,2003,,,,,4.302388,,,
Dominican Republic,2004,,,,,3.636464,,,
Dominican Republic,2005,,,,,,4.405966,,
Dominican Republic,2006,,,,,,4.730995,,
Dominican Republic,2007,,,,,,4.828039,,
Dominican Republic,2008,,,,,,4.72248,,
Dominican Republic,2009,,,,,,5.029828,,
Dominican Republic,2010,,,,,,5.1037817,,
Dominican Republic,2011,,,,,,5.442134,,
Dominican Republic,2012,,,,,,5.367066,,
Dominican Republic,2013,,,,,,5.4470778,,
Dominican Republic,2014,,,,,,6.060071,,
Dominican Republic,2015,,,,,,6.5960927,,
Dominican Republic,2016,,,,,,6.938748,,
Dominican Republic,2017,,,,,,,7.6279726,
Dominican Republic,2018,,,,,,,8.155093,
Dominican Republic,2019,,,,,,,8.508689,
Dominican Republic,2020,,,,,,,7.9722395,
Dominican Republic,2021,,,,,,,7.9685516,
Dominican Republic,2022,,,,,,,8.263114,
Dominican Republic,2023,,,,,,,8.993093,
Dominican Republic,2024,,,,,,,9.976665,
Ecuador,1994,,2.8608837,,,,,,
Ecuador,1999,,,,,2.403823,,,
Ecuador,2000,,,,,,1.9749844,,
Ecuador,2003,,,,,,,3.1305447,
Ecuador,2004,,,,,,,3.0602465,
Ecuador,2005,,,,,,,3.5966802,
Ecuador,2006,,,,,,,4.296469,
Ecuador,2007,,,,,,,,4.380977
Ecuador,2008,,,,,,,,4.514806
Ecuador,2009,,,,,,,,4.6529684
Ecuador,2010,,,,,,,,5.0912414
Ecuador,2011,,,,,,,,5.6931534
Ecuador,2012,,,,,,,,5.9137545
Ecuador,2013,,,,,,,,6.1232843
Ecuador,2014,,,,,,,,6.6681767
Ecuador,2015,,,,,,,,6.4788623
Ecuador,2016,,,,,,,,6.654782
Ecuador,2017,,,,,,,,6.799734
Ecuador,2018,,,,,,,,6.6106434
Ecuador,2019,,,,,,,,6.264894
Ecuador,2020,,,,,,,,5.384263
Ecuador,2021,,,,,,,,6.279589
Ecuador,2022,,,,,,,,6.32509
Ecuador,2023,,,,,,,,6.3820477
Ecuador,2024,,,,,,,,5.634174
Ecuador (urban),1987,2.8192391,,,,,,,
Ecuador (urban),1995,,,3.1748483,,,,,
Ecuador (urban),1998,,,,2.9354348,,,,
El Salvador,1989,2.4083095,,,,,,,
El Salvador,1991,2.1610284,,,,,,,
El Salvador,1995,3.0702143,,,,,,,
El Salvador,1996,2.8330734,,,,,,,
El Salvador,1998,2.2250693,,,,,,,
El Salvador,1999,2.7030208,,,,,,,
El Salvador,2000,,3.213383,,,,,,
El Salvador,2001,,3.054576,,,,,,
El Salvador,2002,,3.0599968,,,,,,
El Salvador,2003,,2.8846834,,,,,,
El Salvador,2004,,3.46198,,,,,,
El Salvador,2005,,3.4536982,,,,,,
El Salvador,2006,,3.863613,,,,,,
El Salvador,2007,,4.297441,,,,,,
El Salvador,2008,,3.8107824,,,,,,
El Salvador,2009,,3.8748696,,,,,,
El Salvador,2010,,3.9786298,,,,,,
El Salvador,2011,,4.1341696,,,,,,
El Salvador,2012,,4.3836603,,,,,,
El Salvador,2013,,4.6706176,,,,,,
El Salvador,2014,,4.7233343,,,,,,
El Salvador,2015,,5.046804,,,,,,
El Salvador,2016,,5.0660887,,,,,,
El Salvador,2017,,5.38731,,,,,,
El Salvador,2018,,5.652479,,,,,,
El Salvador,2019,,6.1960464,,,,,,
El Salvador,2021,,6.072454,,,,,,
El Salvador,2022,,6.1598616,,,,,,
El Salvador,2023,,6.5924506,,,,,,
Estonia,1993,5.7724667,,,,,,,
Estonia,2003,,,,8.051347,,,,
Estonia,2004,,,,9.688089,,,,
Estonia,2005,,,,11.344317,,,,
Estonia,2006,,,,13.343282,,,,
Estonia,2007,,,,15.565794,,,,
Estonia,2008,,,,15.912431,,,,
Estonia,2009,,,,15.039389,,,,
Estonia,2010,,,,13.791243,,,,
Estonia,2011,,,,14.295333,,,,
Estonia,2012,,,,15.046355,,,,
Estonia,2013,,,,15.680109,,,,
Estonia,2014,,,,17.057909,,,,
Estonia,2015,,,,18.85786,,,,
Estonia,2016,,,,20.626389,,,,
Estonia,2017,,,,22.235834,,,,
Estonia,2018,,,,23.333815,,,,
Estonia,2019,,,,24.996304,,,,
Estonia,2020,,,,26.329899,,,,
Estonia,2021,,,,28.097282,,,,
Estonia,2022,,,,24.19375,,,,
Estonia,2023,,,,24.848736,,,,
Finland,1987,27.072275,,,,,,,
Finland,1991,29.928083,,,,,,,
Finland,1995,27.87607,,,,,,,
Finland,2000,29.626305,,,,,,,
Finland,2003,,31.15047,,,,,,
Finland,2004,,32.799137,,,,,,
Finland,2005,,33.702038,,,,,,
Finland,2006,,34.102604,,,,,,
Finland,2007,,35.206707,,,,,,
Finland,2008,,36.13071,,,,,,
Finland,2009,,36.77091,,,,,,
Finland,2010,,37.125103,,,,,,
Finland,2011,,37.722847,,,,,,
Finland,2012,,38.003654,,,,,,
Finland,2013,,37.52418,,,,,,
Finland,2014,,37.83129,,,,,,
Finland,2015,,38.177517,,,,,,
Finland,2016,,38.49478,,,,,,
Finland,2017,,39.022533,,,,,,
Finland,2018,,39.661064,,,,,,
Finland,2019,,40.04109,,,,,,
Finland,2020,,40.734367,,,,,,
Finland,2021,,41.11757,,,,,,
Finland,2022,,39.68171,,,,,,
Finland,2023,,39.127354,,,,,,
France,1970,13.804329,,,,,,,
France,1975,18.598104,,,,,,,
France,1979,21.618223,,,,,,,
France,1984,23.121613,,,,,,,
France,1990,25.281147,,,,,,,
France,1996,,26.953688,,,,,,
France,1997,,27.257812,,,,,,
France,1998,,28.030058,,,,,,
France,1999,,28.378716,,,,,,
France,2000,,29.140871,,,,,,
France,2001,,29.886877,,,,,,
France,2002,,31.329115,,,,,,
France,2003,,,29.662294,,,,,
France,2004,,,30.432747,,,,,
France,2005,,,30.915361,,,,,
France,2006,,,29.977919,,,,,
France,2007,,,35.091396,,,,,
France,2008,,,34.75186,,,,,
France,2009,,,35.29588,,,,,
France,2010,,,34.694977,,,,,
France,2011,,,35.50303,,,,,
France,2012,,,35.453457,,,,,
France,2013,,,35.350716,,,,,
France,2014,,,35.628906,,,,,
France,2015,,,36.03258,,,,,
France,2016,,,36.912945,,,,,
France,2017,,,36.82808,,,,,
France,2018,,,37.32151,,,,,
France,2019,,,34.8349,,,,,
France,2020,,,36.107918,,,,,
France,2021,,,35.80419,,,,,
France,2022,,,35.898975,,,,,
France,2023,,,35.462173,,,,,
Germany,1991,,,32.478493,,,,,
Germany,1992,,,34.006004,,,,,
Germany,1993,,,34.400513,,,,,
Germany,1994,,,33.093338,,,,,
Germany,1995,,,33.737644,,,,,
Germany,1996,,,34.931774,,,,,
Germany,1997,,,33.852867,,,,,
Germany,1998,,,35.15815,,,,,
Germany,1999,,,35.662384,,,,,
Germany,2000,,,36.202446,,,,,
Germany,2001,,,35.95203,,,,,
Germany,2002,,,36.4562,,,,,
Germany,2003,,,36.380272,,,,,
Germany,2004,,,36.428997,,,,,
Germany,2005,,,35.181942,,,,,
Germany,2006,,,36.041336,,,,,
Germany,2007,,,36.38768,,,,,
Germany,2008,,,36.158886,,,,,
Germany,2009,,,36.609848,,,,,
Germany,2010,,,36.80854,,,,,
Germany,2011,,,36.93804,,,,,
Germany,2012,,,36.39764,,,,,
Germany,2013,,,36.324123,,,,,
Germany,2014,,,36.78194,,,,,
Germany,2015,,,37.825504,,,,,
Germany,2016,,,38.25185,,,,,
Germany,2017,,,39.098446,,,,,
Germany,2018,,,39.951004,,,,,
Germany,2019,,,40.66195,,,,,
Germany,2020,,,43.267506,,,,,
Greece,1995,14.239094,,,,,,,
Greece,2000,16.593958,,,,,,,
Greece,2002,,19.42566,,,,,,
Greece,2003,,,19.931974,,,,,
Greece,2004,,,20.874956,,,,,
Greece,2005,,,20.84135,,,,,
Greece,2006,,,20.528538,,,,,
Greece,2007,,,21.80853,,,,,
Greece,2008,,,22.663364,,,,,
Greece,2009,,,22.9452,,,,,
Greece,2010,,,19.201931,,,,,
Greece,2011,,,15.521565,,,,,
Greece,2012,,,12.854106,,,,,
Greece,2013,,,12.4815235,,,,,
Greece,2014,,,12.466167,,,,,
Greece,2015,,,12.492632,,,,,
Greece,2016,,,13.286242,,,,,
Greece,2017,,,13.876081,,,,,
Greece,2018,,,14.788674,,,,,
Greece,2019,,,15.671316,,,,,
Greece,2020,,,15.695051,,,,,
Greece,2021,,,17.106459,,,,,
Greece,2022,,,17.120197,,,,,
Greece,2023,,,17.705765,,,,,
Guatemala,1986,1.3115557,,,,,,,
Guatemala,1989,1.690312,,,,,,,
Guatemala,1998,,3.9356103,,,,,,
Guatemala,2000,,,4.8466825,,,,,
Guatemala,2006,,,4.4842296,,,,,
Guatemala,2014,,,4.640067,,,,,
Guatemala,2023,,,4.521818,,,,,
Guyana,1992,2.118637,,,,,,,
Guyana,1998,4.0319676,,,,,,,
Haiti,2001,0.655765,,,,,,,
Haiti,2012,,0.71307385,,,,,,
Honduras,1989,,1.2554446,,,,,,
Honduras,1990,,,1.1708782,,,,,
Honduras,1991,,,,1.6989617,,,,
Honduras,1992,,,,1.9112962,,,,
Honduras,1993,,,,2.2390246,,,,
Honduras,1994,,,,2.0560572,,,,
Honduras,1995,,,,1.9567095,,,,
Honduras,1996,,,,1.7286459,,,,
Honduras,1997,,,,2.3708682,,,,
Honduras,1998,,,,1.873492,,,,
Honduras,1999,,,,1.9165316,,,,
Honduras,2001,,,,,2.342241,,,
Honduras,2002,,,,,2.1524684,,,
Honduras,2003,,,,,1.8037084,,,
Honduras,2004,,,,,1.9103881,,,
Honduras,2005,,,,,1.8354554,,,
Honduras,2006,,,,,2.203503,,,
Honduras,2007,,,,,2.782195,,,
Honduras,2008,,,,,2.8933864,,,
Honduras,2009,,,,,3.2351315,,,
Honduras,2010,,,,,3.0357199,,,
Honduras,2011,,,,,,2.9840665,,
Honduras,2012,,,,,,2.61744,,
Honduras,2013,,,,,,2.894689,,
Honduras,2014,,,,,,2.947678,,
Honduras,2015,,,,,,3.0134845,,
Honduras,2016,,,,,,3.0164447,,
Honduras,2017,,,,,,3.0562248,,
Honduras,2018,,,,,,3.0243852,,
Honduras,2019,,,,,,3.115052,,
Honduras,2023,,,,,,3.3365896,,
Honduras,2024,,,,,,3.6861863,,
Honduras (urban),1986,1.0111699,,,,,,,
Hungary,1987,15.126085,,,,,,,
Hungary,1989,6.548431,,,,,,,
Hungary,1991,,11.850293,,,,,,
Hungary,1993,9.71186,,,,,,,
Hungary,1994,,9.458457,,,,,,
Hungary,1999,,,9.091316,,,,,
Hungary,2004,,,,,10.987851,,,
Hungary,2005,,,,,10.965298,,,
Hungary,2006,,,,,12.211386,,,
Hungary,2007,,,,,11.976819,,,
Hungary,2008,,,,,12.287622,,,
Hungary,2009,,,,,11.778012,,,
Hungary,2010,,,,,11.564387,,,
Hungary,2011,,,,,12.056831,,,
Hungary,2012,,,,,10.704793,,,
Hungary,2013,,,,,10.971746,,,
Hungary,2014,,,,,11.499888,,,
Hungary,2015,,,,,12.383946,,,
Hungary,2016,,,,,12.756747,,,
Hungary,2017,,,,,13.844388,,,
Iceland,2003,33.967724,,,,,,,
Iceland,2004,33.738926,,,,,,,
Iceland,2005,34.06913,,,,,,,
Iceland,2006,38.25382,,,,,,,
Iceland,2007,40.756447,,,,,,,
Iceland,2008,40.183926,,,,,,,
Iceland,2009,35.742435,,,,,,,
Iceland,2010,33.796993,,,,,,,
Iceland,2011,32.58121,,,,,,,
Iceland,2012,33.305984,,,,,,,
Iceland,2013,35.23518,,,,,,,
Iceland,2014,35.7038,,,,,,,
Iceland,2015,38.7421,,,,,,,
Iceland,2016,41.745064,,,,,,,
Iceland,2017,43.938145,,,,,,,
Iceland,2018,40.756157,,,,,,,
Iceland,2019,42.487,,,,,,,
Ireland,1987,9.445217,,,,,,,
Ireland,1994,,13.703249,,,,,,
Ireland,1995,,14.071075,,,,,,
Ireland,1996,,15.099617,,,,,,
Ireland,2000,,20.84929,,,,,,
Ireland,2002,,,23.369053,,,,,
Ireland,2003,,,,23.360384,,,,
Ireland,2004,,,,24.076876,,,,
Ireland,2005,,,,24.978388,,,,
Ireland,2006,,,,27.13574,,,,
Ireland,2007,,,,27.665169,,,,
Ireland,2008,,,,26.035105,,,,
Ireland,2009,,,,24.499128,,,,
Ireland,2010,,,,23.932629,,,,
Ireland,2011,,,,23.162361,,,,
Ireland,2012,,,,22.499784,,,,
Ireland,2013,,,,22.470762,,,,
Ireland,2014,,,,24.645355,,,,
Ireland,2015,,,,25.76693,,,,
Ireland,2016,,,,26.72526,,,,
Ireland,2017,,,,30.067373,,,,
Ireland,2018,,,,31.115236,,,,
Ireland,2019,,,,32.469936,,,,
Ireland,2020,,,,34.381935,,,,
Ireland,2021,,,,35.03741,,,,
Ireland,2022,,,,34.186043,,,,
Ireland,2023,,,,35.354034,,,,
Israel,1979,9.835026,,,,,,,
Israel,1986,9.820848,,,,,,,
Israel,1992,12.100127,,,,,,,
Israel,1997,11.461064,,,,,,,
Israel,2001,12.620551,,,,,,,
Israel,2002,11.093991,,,,,,,
Israel,2003,10.849826,,,,,,,
Israel,2004,10.576075,,,,,,,
Israel,2005,11.28592,,,,,,,
Israel,2006,11.435017,,,,,,,
Israel,2007,12.17754,,,,,,,
Israel,2008,12.53008,,,,,,,
Israel,2009,11.899682,,,,,,,
Israel,2010,12.220385,,,,,,,
Israel,2011,12.878594,,,,,,,
Israel,2012,13.611616,,,,,,,
Israel,2013,15.133881,,,,,,,
Israel,2014,15.394057,,,,,,,
Israel,2015,15.9194145,,,,,,,
Israel,2016,16.054426,,,,,,,
Israel,2017,17.305704,,,,,,,
Israel,2018,17.871561,,,,,,,
Israel,2019,17.421978,,,,,,,
Israel,2020,17.47913,,,,,,,
Israel,2021,18.102169,,,,,,,
Italy,1977,14.080349,,,,,,,
Italy,1978,16.149323,,,,,,,
Italy,1979,16.320208,,,,,,,
Italy,1980,17.06865,,,,,,,
Italy,1981,17.511843,,,,,,,
Italy,1982,18.792688,,,,,,,
Italy,1983,18.46976,,,,,,,
Italy,1984,18.766676,,,,,,,
Italy,1986,17.922926,,,,,,,
Italy,1987,19.066137,,,,,,,
Italy,1989,21.949438,,,,,,,
Italy,1991,21.947031,,,,,,,
Italy,1993,19.40745,,,,,,,
Italy,1995,19.35011,,,,,,,
Italy,1998,20.668266,,,,,,,
Italy,2000,21.627266,,,,,,,
Italy,2002,21.591776,,,,,,,
Italy,2003,,27.14429,,,,,,
Italy,2004,,28.370651,,,,,,
Italy,2005,,27.836708,,,,,,
Italy,2006,,28.445866,,,,,,
Italy,2007,,29.322063,,,,,,
Italy,2008,,28.215673,,,,,,
Italy,2009,,28.64401,,,,,,
Italy,2010,,27.920803,,,,,,
Italy,2011,,26.95808,,,,,,
Italy,2012,,25.63009,,,,,,
Italy,2013,,25.399176,,,,,,
Italy,2014,,25.272703,,,,,,
Italy,2015,,25.301174,,,,,,
Italy,2016,,26.196377,,,,,,
Italy,2017,,25.881693,,,,,,
Italy,2018,,26.68547,,,,,,
Italy,2019,,28.360727,,,,,,
Italy,2020,,27.26046,,,,,,
Italy,2021,,29.005112,,,,,,
Italy,2022,,28.770428,,,,,,
Italy,2023,,28.385342,,,,,,
Japan,2008,24.419764,,,,,,,
Japan,2009,24.656157,,,,,,,
Japan,2010,26.210949,,,,,,,
Japan,2011,23.521461,,,,,,,
Japan,2012,24.203161,,,,,,,
Japan,2013,24.72611,,,,,,,
Japan,2014,25.590288,,,,,,,
Japan,2015,26.475004,,,,,,,
Japan,2016,25.196459,,,,,,,
Japan,2017,25.649874,,,,,,,
Japan,2018,24.426725,,,,,,,
Japan,2019,24.397814,,,,,,,
Japan,2020,25.33331,,,,,,,
Kazakhstan,1993,3.4430406,,,,,,,
Kosovo,2017,,,3.7744842,,,,,
Kosovo,2018,,,2.8427677,,,,,
Kosovo,2019,,,5.1477976,,,,,
Kosovo,2020,,,3.8659089,,,,,
Kosovo,2021,,,2.1063156,,,,,
Kosovo,2022,,,4.906328,,,,,
Kyrgyzstan,1998,1.6631255,,,,,,,
Latvia,1993,5.704772,,,,,,,
Latvia,1995,6.3771815,,,,,,,
Latvia,1996,6.1838512,,,,,,,
Latvia,2004,,,7.6932993,,,,,
Latvia,2005,,,8.204731,,,,,
Latvia,2006,,,10.4681225,,,,,
Latvia,2007,,,12.5109625,,,,,
Latvia,2008,,,12.419924,,,,,
Latvia,2009,,,10.323187,,,,,
Latvia,2010,,,9.912166,,,,,
Latvia,2011,,,10.13927,,,,,
Latvia,2012,,,10.552146,,,,,
Latvia,2013,,,12.109124,,,,,
Latvia,2014,,,13.302362,,,,,
Latvia,2015,,,14.762682,,,,,
Latvia,2016,,,15.00817,,,,,
Latvia,2017,,,16.008598,,,,,
Latvia,2018,,,17.43334,,,,,
Latvia,2019,,,18.679617,,,,,
Latvia,2020,,,19.268404,,,,,
Latvia,2021,,,20.884571,,,,,
Latvia,2022,,,19.597034,,,,,
Latvia,2023,,,20.824661,,,,,
Lithuania,1993,3.3999674,,,,,,,
Lithuania,2004,,,,7.2792106,,,,
Lithuania,2005,,,,9.04056,,,,
Lithuania,2006,,,,12.078799,,,,
Lithuania,2007,,,,13.896154,,,,
Lithuania,2008,,,,14.7046,,,,
Lithuania,2009,,,,10.936862,,,,
Lithuania,2010,,,,10.466601,,,,
Lithuania,2011,,,,12.230054,,,,
Lithuania,2012,,,,12.331271,,,,
Lithuania,2013,,,,12.9756365,,,,
Lithuania,2014,,,,13.391475,,,,
Lithuania,2015,,,,15.339362,,,,
Lithuania,2016,,,,15.531965,,,,
Lithuania,2017,,,,17.362883,,,,
Lithuania,2018,,,,19.271687,,,,
Lithuania,2019,,,,21.26455,,,,
Lithuania,2020,,,,24.40548,,,,
Lithuania,2021,,,,24.579603,,,,
Lithuania,2022,,,,22.884033,,,,
Lithuania,2023,,,,23.15286,,,,
Luxembourg,1985,30.545588,,,,,,,
Luxembourg,1986,31.763802,,,,,,,
Luxembourg,1987,33.71102,,,,,,,
Luxembourg,1988,35.6527,,,,,,,
Luxembourg,1989,38.145103,,,,,,,
Luxembourg,1990,40.007347,,,,,,,
Luxembourg,1991,41.185757,,,,,,,
Luxembourg,1992,42.257114,,,,,,,
Luxembourg,1993,42.809616,,,,,,,
Luxembourg,1994,,39.99243,,,,,,
Luxembourg,1995,,41.091354,,,,,,
Luxembourg,1996,,40.853546,,,,,,
Luxembourg,1997,,42.2698,,,,,,
Luxembourg,1998,,40.26854,,,,,,
Luxembourg,1999,,43.75443,,,,,,
Luxembourg,2000,,42.88507,,,,,,
Luxembourg,2001,,43.440063,,,,,,
Luxembourg,2002,,,45.73991,,,,,
Luxembourg,2003,,,,45.50422,,,,
Luxembourg,2004,,,,46.929012,,,,
Luxembourg,2005,,,,48.065876,,,,
Luxembourg,2006,,,,46.07491,,,,
Luxembourg,2007,,,,47.86545,,,,
Luxembourg,2008,,,,45.77204,,,,
Luxembourg,2009,,,,45.521072,,,,
Luxembourg,2010,,,,44.882694,,,,
Luxembourg,2011,,,,42.92484,,,,
Luxembourg,2012,,,,41.09476,,,,
Luxembourg,2013,,,,43.345222,,,,
Luxembourg,2014,,,,45.217484,,,,
Luxembourg,2015,,,,41.46989,,,,
Luxembourg,2016,,,,45.773308,,,,
Luxembourg,2017,,,,42.13772,,,,
Luxembourg,2018,,,,43.55554,,,,
Luxembourg,2019,,,,44.379322,,,,
Luxembourg,2020,,,,49.273827,,,,
Luxembourg,2021,,,,49.622265,,,,
Luxembourg,2022,,,,49.848663,,,,
Luxembourg,2023,,,,52.972477,,,,
Malaysia,1984,4.8487153,,,,,,,
Malaysia,1987,4.863223,,,,,,,
Malaysia,1989,4.959299,,,,,,,
Malaysia,1992,5.112097,,,,,,,
Malaysia,1995,5.1864934,,,,,,,
Malaysia,1997,6.331145,,,,,,,
Malaysia,2003,,6.363788,,,,,,
Malaysia,2006,,7.345634,,,,,,
Malaysia,2008,,7.3931603,,,,,,
Malaysia,2011,,9.657834,,,,,,
Malaysia,2013,,12.270457,,,,,,
Malaysia,2015,,13.591565,,,,,,
Malaysia,2018,,14.957332,,,,,,
Malaysia,2021,,16.123207,,,,,,
Malta,2006,21.482336,,,,,,,
Malta,2007,23.012074,,,,,,,
Malta,2008,23.44103,,,,,,,
Malta,2009,22.810286,,,,,,,
Malta,2010,23.701698,,,,,,,
Malta,2011,23.968477,,,,,,,
Malta,2012,24.861546,,,,,,,
Malta,2013,26.702854,,,,,,,
Malta,2014,28.14714,,,,,,,
Malta,2015,27.652708,,,,,,,
Malta,2016,30.084436,,,,,,,
Malta,2017,30.061474,,,,,,,
Malta,2018,30.788607,,,,,,,
Malta,2019,32.879086,,,,,,,
Malta,2020,33.585228,,,,,,,
Malta,2021,35.411694,,,,,,,
Malta,2022,33.55326,,,,,,,
Mexico,1984,3.4571822,,,,,,,
Mexico,1989,3.5639303,,,,,,,
Mexico,1992,3.8256977,,,,,,,
Mexico,1994,3.758123,,,,,,,
Mexico,1996,2.835353,,,,,,,
Mexico,1998,2.810261,,,,,,,
Mexico,2000,3.4876716,,,,,,,
Mexico,2002,3.8335598,,,,,,,
Mexico,2004,4.225936,,,,,,,
Mexico,2005,4.226211,,,,,,,
Mexico,2006,4.624256,,,,,,,
Mexico,2008,4.3805246,,,,,,,
Mexico,2010,4.69622,,,,,,,
Mexico,2012,4.8079376,,,,,,,
Mexico,2014,4.840589,,,,,,,
Mexico,2016,,5.713324,,,,,,
Mexico,2018,,6.0364547,,,,,,
Mexico,2020,,5.872829,,,,,,
Mexico,2022,,7.0815477,,,,,,
Micronesia (country) (urban),2000,0.85664904,,,,,,,
Montenegro,2012,,6.029617,,,,,,
Montenegro,2013,,6.8672767,,,,,,
Montenegro,2014,,6.8324337,,,,,,
Montenegro,2015,,7.098579,,,,,,
Montenegro,2016,,8.253905,,,,,,
Montenegro,2017,,8.503706,,,,,,
Montenegro,2018,,7.992674,,,,,,
Montenegro,2019,,8.855695,,,,,,
Montenegro,2020,,8.773029,,,,,,
Montenegro,2021,,9.904841,,,,,,
Namibia,1993,0.7912418,,,,,,,
Nepal,1984,1.2211558,,,,,,,
Netherlands,1983,25.252375,,,,,,,
Netherlands,1987,27.403868,,,,,,,
Netherlands,1990,30.56212,,,,,,,
Netherlands,1993,,28.662247,,,,,,
Netherlands,1999,,34.4442,,,,,,
Netherlands,2004,,,33.886646,,,,,
Netherlands,2005,,,35.006832,,,,,
Netherlands,2006,,,37.113205,,,,,
Netherlands,2007,,,38.854557,,,,,
Netherlands,2008,,,39.066505,,,,,
Netherlands,2009,,,38.622272,,,,,
Netherlands,2010,,,38.58494,,,,,
Netherlands,2011,,,38.629173,,,,,
Netherlands,2012,,,38.24852,,,,,
Netherlands,2013,,,37.2081,,,,,
Netherlands,2014,,,37.151863,,,,,
Netherlands,2015,,,40.200485,,,,,
Netherlands,2016,,,41.260143,,,,,
Netherlands,2017,,,41.764797,,,,,
Netherlands,2018,,,41.85108,,,,,
Netherlands,2019,,,42.68283,,,,,
Netherlands,2020,,,46.52933,,,,,
Netherlands,2021,,,47.872093,,,,,
Nicaragua,1993,1.2888085,,,,,,,
Nicaragua,1998,1.9160318,,,,,,,
Nicaragua,2001,2.5566788,,,,,,,
Nicaragua,2005,,3.2776098,,,,,,
Nicaragua,2009,,3.6217782,,,,,,
Nicaragua,2014,,4.6921144,,,,,,
North Macedonia,2009,,,4.3271933,,,,,
North Macedonia,2010,,,4.6503553,,,,,
North Macedonia,2011,,,4.957342,,,,,
North Macedonia,2012,,,5.2651844,,,,,
North Macedonia,2013,,,5.609019,,,,,
North Macedonia,2014,,,6.133628,,,,,
North Macedonia,2015,,,6.453831,,,,,
North Macedonia,2016,,,6.8888125,,,,,
North Macedonia,2017,,,7.320567,,,,,
North Macedonia,2018,,,7.793013,,,,,
North Macedonia,2019,,,8.192367,,,,,
Norway,1979,20.557241,,,,,,,
Norway,1986,28.662876,,,,,,,
Norway,1991,30.219816,,,,,,,
Norway,1995,30.459137,,,,,,,
Norway,2000,36.423088,,,,,,,
Norway,2003,,38.527092,,,,,,
Norway,2004,,38.597095,,,,,,
Norway,2005,,40.21488,,,,,,
Norway,2006,,40.68961,,,,,,
Norway,2007,,44.735783,,,,,,
Norway,2008,,45.937454,,,,,,
Norway,2009,,46.671192,,,,,,
Norway,2010,,46.67597,,,,,,
Norway,2011,,48.854954,,,,,,
Norway,2012,,50.448082,,,,,,
Norway,2013,,52.27894,,,,,,
Norway,2014,,52.697933,,,,,,
Norway,2015,,52.770256,,,,,,
Norway,2016,,51.985115,,,,,,
Norway,2017,,52.04543,,,,,,
Norway,2018,,52.11649,,,,,,
Norway,2019,,53.479824,,,,,,
Norway,2020,,50.390213,,,,,,
Norway,2021,,51.54467,,,,,,
Norway,2022,,52.616463,,,,,,
Norway,2023,,53.37423,,,,,,
Panama,1979,3.513995,,,,,,,
Panama,1989,,1.5956506,,,,,,
Panama,1991,,,1.9224854,,,,,
Panama,1995,,,,2.7952566,,,,
Panama,1997,,,,3.0105598,,,,
Panama,1998,,,,3.043175,,,,
Panama,1999,,,,3.431501,,,,
Panama,2000,,,,3.63072,,,,
Panama,2001,,,,,2.8677194,,,
Panama,2002,,,,,3.3840725,,,
Panama,2003,,,,,3.5311248,,,
Panama,2004,,,,,3.7309685,,,
Panama,2005,,,,,3.8762176,,,
Panama,2006,,,,,3.8134434,,,
Panama,2007,,,,,4.299468,,,
Panama,2008,,,,,,5.52157,,
Panama,2009,,,,,,5.607213,,
Panama,2010,,,,,,5.7782063,,
Panama,2011,,,,,,6.6329026,,
Panama,2012,,,,,,6.519797,,
Panama,2013,,,,,,6.6524644,,
Panama,2014,,,,,,7.057536,,
Panama,2015,,,,,,7.795845,,
Panama,2016,,,,,,8.095613,,
Panama,2017,,,,,,8.142992,,
Panama,2018,,,,,,8.771173,,
Panama,2019,,,,,,9.0791025,,
Panama,2021,,,,,,8.20256,,
Panama,2023,,,,,,8.361261,,
Panama,2024,,,,,,8.322758,,
Paraguay,1990,6.8389306,,,,,,,
Paraguay,1995,3.2934484,,,,,,,
Paraguay,1997,,3.7975073,,,,,,
Paraguay,1999,,,3.7783415,,,,,
Paraguay,2001,,3.9262073,,,,,,
Paraguay,2002,,,,3.0444994,,,,
Paraguay,2003,,,,3.8387141,,,,
Paraguay,2004,,,,4.1811504,,,,
Paraguay,2005,,,,4.510435,,,,
Paraguay,2006,,,,3.9263387,,,,
Paraguay,2007,,,,4.344961,,,,
Paraguay,2008,,,,4.7019444,,,,
Paraguay,2009,,,,4.557932,,,,
Paraguay,2010,,,,4.9083724,,,,
Paraguay,2011,,,,5.1419144,,,,
Paraguay,2012,,,,5.7883334,,,,
Paraguay,2013,,,,6.493152,,,,
Paraguay,2014,,,,6.735267,,,,
Paraguay,2015,,,,6.5444884,,,,
Paraguay,2016,,,,6.497276,,,,
Paraguay,2017,,,,6.9427,,,,
Paraguay,2018,,,,7.25472,,,,
Paraguay,2019,,,,7.2880645,,,,
Paraguay,2020,,,,6.707749,,,,
Paraguay,2021,,,,6.9965467,,,,
Paraguay,2022,,,,,7.171808,,,
Paraguay,2023,,,,,7.738582,,,
Paraguay,2024,,,,,8.214468,,,
Peru,1997,,2.3635511,,,,,,
Peru,1998,,2.4101756,,,,,,
Peru,1999,,2.4354172,,,,,,
Peru,2000,,,2.4279969,,,,,
Peru,2001,,,2.3217483,,,,,
Peru,2002,,,2.5763342,,,,,
Peru,2003,,,2.7966225,,,,,
Peru,2004,,,,2.6795604,,,,
Peru,2005,,,,2.5146995,,,,
Peru,2006,,,,2.7838655,,,,
Peru,2007,,,,3.1412423,,,,
Peru,2008,,,,3.5878093,,,,
Peru,2009,,,,3.8991678,,,,
Peru,2010,,,,4.3080277,,,,
Peru,2011,,,,4.571182,,,,
Peru,2012,,,,4.867979,,,,
Peru,2013,,,,5.0081196,,,,
Peru,2014,,,,5.172072,,,,
Peru,2015,,,,5.3442826,,,,
Peru,2016,,,,5.3247037,,,,
Peru,2017,,,,5.3511553,,,,
Peru,2018,,,,5.6568847,,,,
Peru,2019,,,,5.9524026,,,,
Peru,2020,,,,4.361541,,,,
Peru,2021,,,,5.5990086,,,,
Peru,2022,,,,5.6976666,,,,
Peru,2023,,,,5.556687,,,,
Peru,2024,,,,5.7995157,,,,
Philippines,2000,,,2.651309,,,,,
Philippines,2003,,,,2.7183342,,,,
Philippines,2006,,,,2.6112258,,,,
Philippines,2009,,,,2.8758469,,,,
Philippines,2012,,,,2.9082663,,,,
Philippines,2015,,,,3.3984678,,,,
Philippines,2018,,,,4.050116,,,,
Philippines,2021,,,,4.093419,,,,
Philippines,2023,,,,4.4557533,,,,
Poland,1985,10.030508,,,,,,,
Poland,1986,9.537346,,,,,,,
Poland,1987,10.145561,,,,,,,
Poland,1989,14.153167,,,,,,,
Poland,1992,10.311627,,,,,,,
Poland,1995,7.434189,,,,,,,
Poland,1999,9.451368,,,,,,,
Poland,2004,,,,8.5962715,,,,
Poland,2005,,,,9.635744,,,,
Poland,2006,,,,10.797609,,,,
Poland,2007,,,,12.491495,,,,
Poland,2008,,,,13.683016,,,,
Poland,2009,,,,13.824745,,,,
Poland,2010,,,,14.139647,,,,
Poland,2011,,,,14.209688,,,,
Poland,2012,,,,14.047857,,,,
Poland,2013,,,,14.625008,,,,
Poland,2014,,,,15.100151,,,,
Poland,2015,,,,16.18138,,,,
Poland,2016,,,,18.082466,,,,
Poland,2017,,,,19.197723,,,,
Poland,2018,,,,20.38057,,,,
Poland,2019,,,,23.206392,,,,
Poland,2020,,,,23.852821,,,,
Poland,2021,,,,25.012566,,,,
Poland,2022,,,,25.411013,,,,
Poland,2023,,,,25.933315,,,,
Portugal,2003,15.278221,,,,,,,
Portugal,2004,15.960096,,,,,,,
Portugal,2005,16.32355,,,,,,,
Portugal,2006,16.267157,,,,,,,
Portugal,2007,16.66416,,,,,,,
Portugal,2008,16.739574,,,,,,,
Portugal,2009,17.805296,,,,,,,
Portugal,2010,17.27567,,,,,,,
Portugal,2011,16.597525,,,,,,,
Portugal,2012,15.7166605,,,,,,,
Portugal,2013,15.160298,,,,,,,
Portugal,2014,15.974758,,,,,,,
Portugal,2015,16.554497,,,,,,,
Portugal,2016,17.447903,,,,,,,
Portugal,2017,17.972717,,,,,,,
Portugal,2018,19.260614,,,,,,,
Portugal,2019,21.017038,,,,,,,
Portugal,2020,21.006805,,,,,,,
Portugal,2021,20.805439,,,,,,,
Portugal,2022,20.388252,,,,,,,
Portugal,2023,21.716627,,,,,,,
Qatar,2017,40.64504,,,,,,,
Romania,1989,12.271199,,,,,,,
Romania,1992,7.6514697,,,,,,,
Romania,1994,3.098287,,,,,,,
Romania,1995,5.6416287,,,,,,,
Romania,1997,5.288753,,,,,,,
Romania,2006,,,,4.4462347,,,,
Romania,2007,,,,5.166263,,,,
Romania,2008,,,,6.123249,,,,
Romania,2009,,,,6.3622904,,,,
Romania,2010,,,,6.0528955,,,,
Romania,2011,,,,5.558459,,,,
Romania,2012,,,,5.4139023,,,,
Romania,2013,,,,5.1336684,,,,
Romania,2014,,,,5.4578667,,,,
Romania,2015,,,,6.0195236,,,,
Romania,2016,,,,7.2977405,,,,
Romania,2017,,,,8.92503,,,,
Romania,2018,,,,10.367085,,,,
Romania,2019,,,,11.339339,,,,
Romania,2020,,,,12.672857,,,,
Romania,2021,,,,14.305559,,,,
Romania,2022,,,,15.024934,,,,
Romania,2023,,,,17.818483,,,,
Russia,2014,,,,19.396988,,,,
Russia,2015,,,,17.837152,,,,
Russia,2016,,,,17.169514,,,,
Russia,2017,,,,17.351261,,,,
Russia,2018,,,,17.727335,,,,
Russia,2019,,,,18.026466,,,,
Russia,2020,,,,19.117176,,,,
Russia,2021,,,,18.59435,,,,
Russia,2022,,,,18.908043,,,,
Russia,2023,,,,20.748743,,,,
Saint Lucia,1995,1.8123826,,,,,,,
Saint Lucia,2015,,7.5893636,,,,,,
Serbia,2012,,,6.457463,,,,,
Serbia,2013,,,5.902853,,,,,
Serbia,2014,,,5.6694245,,,,,
Serbia,2015,,,5.851643,,,,,
Serbia,2016,,,6.429664,,,,,
Serbia,2017,,,7.0048733,,,,,
Serbia,2018,,,8.181366,,,,,
Serbia,2019,,,9.710827,,,,,
Serbia,2020,,,10.423133,,,,,
Serbia,2021,,,11.578054,,,,,
Serbia,2022,,,11.369033,,,,,
Seychelles,2013,,,10.515984,,,,,
Seychelles,2018,,,12.308289,,,,,
Slovakia,1992,12.096311,,,,,,,
Slovakia,1996,11.129137,,,,,,,
Slovakia,2004,,,11.174809,,,,,
Slovakia,2005,,,12.572076,,,,,
Slovakia,2006,,,14.4672985,,,,,
Slovakia,2007,,,15.45266,,,,,
Slovakia,2008,,,15.616704,,,,,
Slovakia,2009,,,15.910917,,,,,
Slovakia,2010,,,16.191,,,,,
Slovakia,2011,,,17.054077,,,,,
Slovakia,2012,,,15.753129,,,,,
Slovakia,2013,,,15.4933195,,,,,
Slovakia,2014,,,15.788506,,,,,
Slovakia,2015,,,15.943846,,,,,
Slovakia,2016,,,16.979437,,,,,
Slovakia,2017,,,17.786596,,,,,
Slovakia,2018,,,18.217024,,,,,
Slovakia,2019,,,19.399036,,,,,
Slovakia,2020,,,17.89933,,,,,
Slovakia,2021,,,18.002323,,,,,
Slovakia,2022,,,16.389343,,,,,
Slovakia,2023,,,16.829767,,,,,
Slovenia,1987,28.089695,,,,,,,
Slovenia,1993,15.108779,,,,,,,
Slovenia,1997,,19.56237,,,,,,
Slovenia,1999,,19.583479,,,,,,
Slovenia,2004,,,,24.024921,,,,
Slovenia,2005,,,,25.004206,,,,
Slovenia,2006,,,,26.002548,,,,
Slovenia,2007,,,,27.277435,,,,
Slovenia,2008,,,,28.445211,,,,
Slovenia,2009,,,,27.924469,,,,
Slovenia,2010,,,,28.08583,,,,
Slovenia,2011,,,,27.981024,,,,
Slovenia,2012,,,,26.382668,,,,
Slovenia,2013,,,,25.729979,,,,
Slovenia,2014,,,,26.63614,,,,
Slovenia,2015,,,,26.784988,,,,
Slovenia,2016,,,,27.86424,,,,
Slovenia,2017,,,,29.274242,,,,
Slovenia,2018,,,,30.65208,,,,
Slovenia,2019,,,,31.303188,,,,
Slovenia,2020,,,,33.44457,,,,
Slovenia,2021,,,,35.3257,,,,
Slovenia,2022,,,,35.324047,,,,
Slovenia,2023,,,,35.165546,,,,
South Korea,2006,20.665876,,,,,,,
South Korea,2008,21.182959,,,,,,,
South Korea,2010,21.766104,,,,,,,
South Korea,2012,23.197218,,,,,,,
South Korea,2014,24.36869,,,,,,,
South Korea,2016,,25.642086,,,,,,
South Korea,2017,,26.739058,,,,,,
South Korea,2018,,28.142567,,,,,,
South Korea,2019,,29.785805,,,,,,
South Korea,2020,,31.496876,,,,,,
South Korea,2021,,33.120815,,,,,,
Spain,1980,11.75432,,,,,,,
Spain,1985,,11.742863,,,,,,
Spain,1990,16.08949,,,,,,,
Spain,1993,,,16.090363,,,,,
Spain,1994,,,16.219175,,,,,
Spain,1995,,,16.279142,,,,,
Spain,1996,,,15.65129,,,,,
Spain,1997,,,16.945456,,,,,
Spain,1998,,,18.60952,,,,,
Spain,1999,,,20.335043,,,,,
Spain,2000,,,21.029928,,,,,
Spain,2003,,,,22.608295,,,,
Spain,2004,,,,21.964518,,,,
Spain,2005,,,,23.389933,,,,
Spain,2006,,,,22.852335,,,,
Spain,2007,,,,26.783972,,,,
Spain,2008,,,,26.929178,,,,
Spain,2009,,,,26.729048,,,,
Spain,2010,,,,24.92882,,,,
Spain,2011,,,,23.46152,,,,
Spain,2012,,,,22.55297,,,,
Spain,2013,,,,20.889662,,,,
Spain,2014,,,,21.155275,,,,
Spain,2015,,,,22.064579,,,,
Spain,2016,,,,23.051805,,,,
Spain,2017,,,,23.874702,,,,
Spain,2018,,,,24.042019,,,,
Spain,2019,,,,25.446636,,,,
Spain,2020,,,,25.065203,,,,
Spain,2021,,,,26.503284,,,,
Spain,2022,,,,27.117441,,,,
Spain,2023,,,,27.703627,,,,
Suriname (urban),1999,2.9805405,,,,,,,
Sweden,1975,,19.829433,,,,,,
Sweden,1981,,21.50612,,,,,,
Sweden,1987,,23.198288,,,,,,
Sweden,1992,,26.45222,,,,,,
Sweden,1995,,24.417206,,,,,,
Sweden,2000,,27.62145,,,,,,
Sweden,2001,,29.044176,,,,,,
Sweden,2002,,29.63266,,,,,,
Sweden,2003,,,27.590221,,,,,
Sweden,2004,,,27.926556,,,,,
Sweden,2005,,,28.077995,,,,,
Sweden,2006,,,30.022966,,,,,
Sweden,2007,,,31.412302,,,,,
Sweden,2008,,,32.252625,,,,,
Sweden,2009,,,32.324295,,,,,
Sweden,2010,,,32.720226,,,,,
Sweden,2011,,,33.364864,,,,,
Sweden,2012,,,34.220623,,,,,
Sweden,2013,,,34.02554,,,,,
Sweden,2014,,,35.236732,,,,,
Sweden,2015,,,35.73755,,,,,
Sweden,2016,,,35.698463,,,,,
Sweden,2017,,,36.493397,,,,,
Sweden,2018,,,35.88634,,,,,
Sweden,2019,,,37.136364,,,,,
Sweden,2020,,,37.685944,,,,,
Sweden,2021,,,37.273846,,,,,
Sweden,2022,,,37.05434,,,,,
Sweden,2023,,,36.923546,,,,,
Switzerland,1982,39.641586,,,,,,,
Switzerland,1992,,39.915234,,,,,,
Switzerland,2000,,,39.20202,,,,,
Switzerland,2002,,,40.76795,,,,,
Switzerland,2004,,,40.33268,,,,,
Switzerland,2006,,,,39.64013,,,,
Switzerland,2007,,,,41.022606,,,,
Switzerland,2008,,,,41.120632,,,,
Switzerland,2009,,,,42.24448,,,,
Switzerland,2010,,,,42.98806,,,,
Switzerland,2011,,,,43.942772,,,,
Switzerland,2012,,,,45.238773,,,,
Switzerland,2013,,,,43.879395,,,,
Switzerland,2014,,,,44.547455,,,,
Switzerland,2015,,,,44.63588,,,,
Switzerland,2016,,,,45.14885,,,,
Switzerland,2017,,,,45.255882,,,,
Switzerland,2018,,,,43.343685,,,,
Switzerland,2019,,,,44.281895,,,,
Switzerland,2020,,,,44.8972,,,,
Switzerland,2021,,,,45.651024,,,,
Switzerland,2022,,,,44.83899,,,,
Taiwan,1981,10.217399,,,,,,,
Taiwan,1986,13.743117,,,,,,,
Taiwan,1991,22.627092,,,,,,,
Taiwan,1995,25.791403,,,,,,,
Taiwan,1997,27.061031,,,,,,,
Taiwan,2000,28.742641,,,,,,,
Taiwan,2005,27.91622,,,,,,,
Taiwan,2007,26.59306,,,,,,,
Taiwan,2010,23.871754,,,,,,,
Taiwan,2013,25.109888,,,,,,,
Taiwan,2016,27.32399,,,,,,,
Taiwan,2017,28.234825,,,,,,,
Taiwan,2018,28.28012,,,,,,,
Taiwan,2019,29.2396,,,,,,,
Taiwan,2020,30.85725,,,,,,,
Taiwan,2021,30.382624,,,,,,,
Trinidad and Tobago,1988,8.156883,,,,,,,
Trinidad and Tobago,1992,,6.3349285,,,,,,
Turkey,2017,,,9.0809555,,,,,
Turkey,2018,,,9.473225,,,,,
Turkey,2019,,,9.363673,,,,,
Turkey,2020,,,9.621635,,,,,
Turkey,2021,,,10.211149,,,,,
Turkey,2022,,,10.955093,,,,,
Ukraine,1999,,,,2.7489004,,,,
United Arab Emirates,2013,34.285244,,,,,,,
United Arab Emirates,2018,50.23876,,,,,,,
United Kingdom,1968,14.711639,,,,,,,
United Kingdom,1969,14.562847,,,,,,,
United Kingdom,1970,14.895533,,,,,,,
United Kingdom,1971,14.3422165,,,,,,,
United Kingdom,1972,14.927455,,,,,,,
United Kingdom,1973,16.256855,,,,,,,
United Kingdom,1974,16.454063,,,,,,,
United Kingdom,1975,15.967978,,,,,,,
United Kingdom,1976,15.440661,,,,,,,
United Kingdom,1977,15.416646,,,,,,,
United Kingdom,1978,16.665976,,,,,,,
United Kingdom,1979,17.021328,,,,,,,
United Kingdom,1980,17.172148,,,,,,,
United Kingdom,1981,16.447704,,,,,,,
United Kingdom,1982,17.821564,,,,,,,
United Kingdom,1983,17.097221,,,,,,,
United Kingdom,1984,17.988249,,,,,,,
United Kingdom,1985,18.303679,,,,,,,
United Kingdom,1986,18.885973,,,,,,,
United Kingdom,1987,19.200232,,,,,,,
United Kingdom,1988,20.433243,,,,,,,
United Kingdom,1989,20.88305,,,,,,,
United Kingdom,1990,20.534094,,,,,,,
United Kingdom,1991,21.070507,,,,,,,
United Kingdom,1992,20.284306,,,,,,,
United Kingdom,1993,20.03114,,,,,,,
United Kingdom,1994,,21.580988,,,,,,
United Kingdom,1995,,21.862585,,,,,,
United Kingdom,1996,,22.836288,,,,,,
United Kingdom,1997,,23.389666,,,,,,
United Kingdom,1998,,24.21286,,,,,,
United Kingdom,1999,,24.703346,,,,,,
United Kingdom,2000,,26.294487,,,,,,
United Kingdom,2001,,27.655016,,,,,,
United Kingdom,2002,,28.000809,,,,,,
United Kingdom,2003,,28.67824,,,,,,
United Kingdom,2004,,29.603878,,,,,,
United Kingdom,2005,,29.556768,,,,,,
United Kingdom,2006,,30.071558,,,,,,
United Kingdom,2007,,30.684305,,,,,,
United Kingdom,2008,,30.73161,,,,,,
United Kingdom,2009,,30.640785,,,,,,
United Kingdom,2010,,30.796082,,,,,,
United Kingdom,2011,,30.277496,,,,,,
United Kingdom,2012,,30.363035,,,,,,
United Kingdom,2013,,30.513693,,,,,,
United Kingdom,2014,,31.227386,,,,,,
United Kingdom,2015,,31.521757,,,,,,
United Kingdom,2016,,31.826336,,,,,,
United Kingdom,2017,,31.957575,,,,,,
United Kingdom,2018,,31.77889,,,,,,
United Kingdom,2019,,33.162643,,,,,,
United Kingdom,2020,,32.59089,,,,,,
United Kingdom,2021,,33.71111,,,,,,
United States,1963,19.047478,,,,,,,
United States,1964,19.83027,,,,,,,
United States,1965,20.958693,,,,,,,
United States,1966,20.791817,,,,,,,
United States,1967,21.665298,,,,,,,
United States,1968,22.973799,,,,,,,
United States,1969,23.61427,,,,,,,
United States,1970,23.508125,,,,,,,
United States,1971,23.815693,,,,,,,
United States,1972,25.357327,,,,,,,
United States,1973,26.49002,,,,,,,
United States,1974,26.059656,,,,,,,
United States,1975,25.912737,,,,,,,
United States,1976,26.612999,,,,,,,
United States,1977,27.103054,,,,,,,
United States,1978,27.5445,,,,,,,
United States,1979,28.297009,,,,,,,
United States,1980,26.826529,,,,,,,
United States,1981,25.686855,,,,,,,
United States,1982,25.0736,,,,,,,
United States,1983,25.025583,,,,,,,
United States,1984,26.230288,,,,,,,
United States,1985,26.425365,,,,,,,
United States,1986,27.449009,,,,,,,
United States,1987,28.349562,,,,,,,
United States,1988,28.623928,,,,,,,
United States,1989,28.787928,,,,,,,
United States,1990,27.869238,,,,,,,
United States,1991,27.448801,,,,,,,
United States,1992,27.400114,,,,,,,
United States,1993,26.719425,,,,,,,
United States,1994,27.636845,,,,,,,
United States,1995,28.369192,,,,,,,
United States,1996,28.439354,,,,,,,
United States,1997,29.452217,,,,,,,
United States,1998,30.499498,,,,,,,
United States,1999,31.195034,,,,,,,
United States,2000,31.813784,,,,,,,
United States,2001,31.485218,,,,,,,
United States,2002,,31.366526,,,,,,
United States,2003,,31.55322,,,,,,
United States,2004,,31.516607,,,,,,
United States,2005,,31.563189,,,,,,
United States,2006,,31.81756,,,,,,
United States,2007,,31.708942,,,,,,
United States,2008,,30.97126,,,,,,
United States,2009,,31.819017,,,,,,
United States,2010,,31.153936,,,,,,
United States,2011,,30.907728,,,,,,
United States,2012,,30.819756,,,,,,
United States,2013,,30.773512,,,,,,
United States,2014,,30.738787,,,,,,
United States,2015,,32.09893,,,,,,
United States,2016,,33.504787,,,,,,
United States,2017,,33.517094,,,,,,
United States,2018,,34.793568,,,,,,
United States,2019,,36.93352,,,,,,
United States,2020,,40.27666,,,,,,
United States,2021,,41.42507,,,,,,
United States,2022,,35.756046,,,,,,
United States,2023,,36.409767,,,,,,
Uruguay,2006,,,,7.8746634,,,,
Uruguay,2007,,,,8.447463,,,,
Uruguay,2008,,,,9.758634,,,,
Uruguay,2009,,,,10.194749,,,,
Uruguay,2010,,,,10.576354,,,,
Uruguay,2011,,,,12.22931,,,,
Uruguay,2012,,,,13.034129,,,,
Uruguay,2013,,,,13.35405,,,,
Uruguay,2014,,,,14.28237,,,,
Uruguay,2015,,,,14.341505,,,,
Uruguay,2016,,,,14.380989,,,,
Uruguay,2017,,,,15.130283,,,,
Uruguay,2018,,,,14.765331,,,,
Uruguay,2019,,,,14.400723,,,,
Uruguay,2020,,,,,13.061223,,,
Uruguay,2021,,,,,,13.1456175,,
Uruguay,2022,,,,,,,13.550117,
Uruguay,2023,,,,,,,13.852141,
Uruguay,2024,,,,,,,14.521756,
Uruguay (urban),1981,9.121538,,,,,,,
Uruguay (urban),1989,,10.217787,,,,,,
Uruguay (urban),1992,,,11.173266,,,,,
Uruguay (urban),1995,,,11.424866,,,,,
Uruguay (urban),1996,,,11.084053,,,,,
Uruguay (urban),1997,,,10.904491,,,,,
Uruguay (urban),1998,,,11.124225,,,,,
Uruguay (urban),2000,,,10.870294,,,,,
Uruguay (urban),2001,,,10.001491,,,,,
Uruguay (urban),2002,,,8.720641,,,,,
Uruguay (urban),2003,,,7.5456944,,,,,
Uruguay (urban),2004,,,7.301685,,,,,
Uruguay (urban),2005,,,7.7161703,,,,,
Uzbekistan,2021,,5.931294,,,,,,
Uzbekistan,2022,,6.4824142,,,,,,
Uzbekistan,2023,,7.434937,,,,,,
Uzbekistan,2024,,8.154694,,,,,,
Venezuela,1981,4.2516456,,,,,,,
Venezuela,1987,3.994881,,,,,,,
Venezuela,1989,,5.489716,,,,,,
Venezuela,1992,,5.4161634,,,,,,
Venezuela,1995,,3.5987613,,,,,,
Venezuela,1998,,3.6397824,,,,,,
Venezuela,1999,,3.358254,,,,,,
Venezuela,2001,,,3.6094003,,,,,
Venezuela,2002,,,2.7655938,,,,,
Venezuela,2003,,,2.3999774,,,,,
Venezuela,2004,,,2.7541947,,,,,
Venezuela,2005,,,3.2456882,,,,,
Venezuela,2006,,,4.6929507,,,,,
