viewId,chartType,queryStr,resolvedQueryStr,md5,svgFilename,durationReceiveData,durationTotal,heapUsed,totalDataFileSize
access-drinking-water-stacked,StackedDiscreteBar,tab=stacked-discrete-bar,tab=stacked-discrete-bar,31be62bfeba07114f2ea18c758398e4f,access-drinking-water-stacked-a7a77a74cb2b694300091c7481efc11f_v18_300x160.svg,42,93,213886600,860601
americans-worry-work-being-automated,SlopeChart,tab=slope,tab=slope,89c8d81749dfe412e22bdc0ade2f716a,americans-worry-work-being-automated-b641ba3f8c55310ebaa72a56775e90dd_v28_300x160.svg,7,32,199484536,20512
americans-worry-work-being-automated,LineChart,tab=line,tab=line,ddd45e3041cc70de6357476dda8566a3,americans-worry-work-being-automated-dfdaadb3d9a271eeafcf1252a03a641f_v28_300x160.svg,7,47,200781624,20512
annual-co-emissions-by-region,StackedArea,tab=stacked-area,tab=stacked-area,8e45db4a4fc95c05f199b7142c4aaaf9,annual-co-emissions-by-region-9da5fabd5ba19117b27cdbe481d84f99_v54_300x160.svg,28,111,212840432,940154
annual-co2-emissions-per-country,WorldMap,tab=map,tab=map,7345cdf9bf69e7b6a64215b6462cc7e7,annual-co2-emissions-per-country-83275d7e04dd5874f8a63e9a2aca43be_v55_300x160.svg,31,254,216854328,940154
annual-co2-emissions-per-country,LineChart,tab=line,tab=line,000d8a7186b20c2b6e73d9e88481129b,annual-co2-emissions-per-country-dfdaadb3d9a271eeafcf1252a03a641f_v55_300x160.svg,12,85,205556656,940154
annual-co2-emissions-per-country,DiscreteBar,tab=discrete-bar,tab=discrete-bar,6d92e9c83b33d68f71b34282f49627e9,annual-co2-emissions-per-country-f88355aac84b3af61e7230eae8da2f3a_v55_300x160.svg,23,155,207634832,940154
annual-death-rate-by-age-group,DiscreteBar,tab=discrete-bar,tab=discrete-bar,e83ac11b3c17d213fc02247e70b859d6,annual-death-rate-by-age-group-f88355aac84b3af61e7230eae8da2f3a_v15_300x160.svg,67,114,227018080,2488296
annual-deaths-by-age,DiscreteBar,tab=discrete-bar,tab=discrete-bar,f0739bb163016c0e04534b75bb551299,annual-deaths-by-age-f88355aac84b3af61e7230eae8da2f3a_v32_300x160.svg,981,1116,298152000,11153744
annual-number-of-deaths-by-cause,DiscreteBar,tab=discrete-bar,tab=discrete-bar,e048d8f5be5f0ac54d066519c2433788,annual-number-of-deaths-by-cause-f88355aac84b3af61e7230eae8da2f3a_v63_300x160.svg,337,454,280952816,10224323
annual-temperature-anomalies,WorldMap,tab=map,tab=map,99fba356867303e672fced1d984c7a9b,annual-temperature-anomalies-83275d7e04dd5874f8a63e9a2aca43be_v21_300x160.svg,13,122,215336536,649598
annual-temperature-anomalies,StackedBar,tab=stacked-bar,tab=stacked-bar,00736b845874e3dac52ffc977b1e493f,annual-temperature-anomalies-68501dd450fb1055ac19ba51b2b84f64_v21_300x160.svg,14,116,202923160,649598
artificial-intelligence-granted-patents-by-industry,SlopeChart,tab=slope,tab=slope,20827240b69bbc56d1dfd51e61d75da6,artificial-intelligence-granted-patents-by-industry-b641ba3f8c55310ebaa72a56775e90dd_v16_300x160.svg,10,34,203433336,60156
birth-rate-vs-death-rate,ScatterPlot,tab=scatter,tab=scatter,3a9167b7c555539fa45426e1b52becc1,birth-rate-vs-death-rate-7ae6b286ba87c656487e4399a73119dc_v30_300x160.svg,71,196,264172936,1757724
bribery-prevalence-un,WorldMap,tab=map,tab=map,7f0b2b87236e26d389ada8971a5a4d83,bribery-prevalence-un-83275d7e04dd5874f8a63e9a2aca43be_v33_300x160.svg,4,69,223684176,16917
bribery-prevalence-un,DiscreteBar,tab=discrete-bar,tab=discrete-bar,63cb61e543f69f6132f12a85840d9d23,bribery-prevalence-un-f88355aac84b3af61e7230eae8da2f3a_v33_300x160.svg,4,24,208553760,16917
bribery-prevalence-un,LineChart,tab=line,tab=line,18c91f347ce0108ebbdaeabb61e9c1da,bribery-prevalence-un-dfdaadb3d9a271eeafcf1252a03a641f_v33_300x160.svg,5,30,219011792,16917
bribery-prevalence-un,SlopeChart,tab=slope,tab=slope,97d3e3836380b4e61e123a6231a098c8,bribery-prevalence-un-b641ba3f8c55310ebaa72a56775e90dd_v33_300x160.svg,3,18,234442952,16917
bribery-prevalence-un,Marimekko,tab=marimekko,tab=marimekko,96ac80d3c38c5483f32cc27835d3b59f,bribery-prevalence-un-319ce4be43de4150da31ae9a5de0ac26_v33_300x160.svg,4,55,253493488,16917
car-sales,StackedBar,tab=stacked-bar,tab=stacked-bar,ac2ee5a368d614aeb2f52fb3c705c5df,car-sales-68501dd450fb1055ac19ba51b2b84f64_v15_300x160.svg,3,13,161493664,26639
carbon-dioxide-emissions-factor,DiscreteBar,tab=discrete-bar,tab=discrete-bar,92c7310dbab897331386512d23768ee4,carbon-dioxide-emissions-factor-f88355aac84b3af61e7230eae8da2f3a_v11_300x160.svg,3,22,211365960,1840
co-emissions-per-capita,WorldMap,tab=map,tab=map,4e75325874153d4618dae46f75e81e0b,co-emissions-per-capita-83275d7e04dd5874f8a63e9a2aca43be_v59_300x160.svg,7,140,247669048,899109
co-emissions-per-capita,LineChart,tab=line,tab=line,c81d410fc54318927849cb8417dae175,co-emissions-per-capita-dfdaadb3d9a271eeafcf1252a03a641f_v59_300x160.svg,9,95,222742880,899109
co-emissions-per-capita,SlopeChart,tab=slope,tab=slope,3813240f29dcd8288fd877ccf1ecd6db,co-emissions-per-capita-b641ba3f8c55310ebaa72a56775e90dd_v59_300x160.svg,14,105,243891208,899109
co-emissions-per-capita,DiscreteBar,tab=discrete-bar,tab=discrete-bar,529bb94b0ac86171c334bbc31a4b5ed0,co-emissions-per-capita-f88355aac84b3af61e7230eae8da2f3a_v59_300x160.svg,14,72,214060120,899109
co2-emissions-vs-gdp,ScatterPlot,tab=scatter,tab=scatter,1864a1f38ca345c556bd9fddea5ee5c6,co2-emissions-vs-gdp-7ae6b286ba87c656487e4399a73119dc_v67_300x160.svg,213,1418,389457976,3393712
co2-per-capita-marimekko,Marimekko,tab=marimekko,tab=marimekko,5c9b306b670586a7a5bec98e96f6af83,co2-per-capita-marimekko-319ce4be43de4150da31ae9a5de0ac26_v38_300x160.svg,244,1141,253945488,2740788
corporate-investment-in-artificial-intelligence-by-type,StackedBar,tab=stacked-bar,tab=stacked-bar,b8f0b0fd04980a78938dd2e01be8d24d,corporate-investment-in-artificial-intelligence-by-type-68501dd450fb1055ac19ba51b2b84f64_v49_300x160.svg,3,25,209416984,2372
cost-space-launches-low-earth-orbit,ScatterPlot,tab=scatter,tab=scatter,d3c899470867c62b6f4f3e2c345b8b80,cost-space-launches-low-earth-orbit-7ae6b286ba87c656487e4399a73119dc_v22_300x160.svg,4,96,219042504,4274
covid-people-vaccinated-marimekko,Marimekko,tab=marimekko,tab=marimekko,332af26f1fafb08a96facc499265d974,covid-people-vaccinated-marimekko-319ce4be43de4150da31ae9a5de0ac26_v1017_300x160.svg,911,3116,522638184,5314089
covid-vaccinations-vs-covid-death-rate,ScatterPlot,tab=scatter,tab=scatter,e030648b6c892f798e14b2847ed5a27d,covid-vaccinations-vs-covid-death-rate-7ae6b286ba87c656487e4399a73119dc_v4142_300x160.svg,5411,7454,775912000,18490821
cumulative-covid-deaths-region,StackedArea,tab=stacked-area,tab=stacked-area,112811ef35b13ea33e15093f0ec450be,cumulative-covid-deaths-region-9da5fabd5ba19117b27cdbe481d84f99_v3095_300x160.svg,330,1073,276522528,15367489
daily-income-or-consumption-of-the-richest-10-marimekko,WorldMap,tab=map,tab=map,b8bb27f082fc0d10caa6906245f8d7de,daily-income-or-consumption-of-the-richest-10-marimekko-83275d7e04dd5874f8a63e9a2aca43be_v34_300x160.svg,9,204,222228816,123460
daily-income-or-consumption-of-the-richest-10-marimekko,Marimekko,tab=marimekko,tab=marimekko,6067dd5ed986b821c765718fdb23d604,daily-income-or-consumption-of-the-richest-10-marimekko-319ce4be43de4150da31ae9a5de0ac26_v34_300x160.svg,12,306,278748880,123460
death-rates-from-energy-production-per-twh,DiscreteBar,tab=discrete-bar,tab=discrete-bar,3465a3eab60732123ebc46f90243b6c4,death-rates-from-energy-production-per-twh-f88355aac84b3af61e7230eae8da2f3a_v10_300x160.svg,5,54,216526296,341
deaths-in-armed-conflicts-by-country,WorldMap,tab=map,tab=map,d41830a173a4db08e65930f084c0b322,deaths-in-armed-conflicts-by-country-83275d7e04dd5874f8a63e9a2aca43be_v81_300x160.svg,3,195,239107776,204896
deaths-in-armed-conflicts-by-country,StackedBar,tab=stacked-bar,tab=stacked-bar,041580d256874183633e06f3d7db61d9,deaths-in-armed-conflicts-by-country-68501dd450fb1055ac19ba51b2b84f64_v81_300x160.svg,13,449,227137280,204896
decadal-deaths-disasters-type,StackedBar,tab=stacked-bar,tab=stacked-bar,d0249e7ace761713e0a593e604ec9a0b,decadal-deaths-disasters-type-68501dd450fb1055ac19ba51b2b84f64_v13_300x160.svg,98,142,220147664,883773
democracy-index-eiu,WorldMap,tab=map,tab=map,7eb29e6cf7b9a089320cffac9c3dce95,democracy-index-eiu-83275d7e04dd5874f8a63e9a2aca43be_v108_300x160.svg,8,55,234509560,98091
democracy-index-eiu,LineChart,tab=line,tab=line,c44e3d6d424583da830f888a3285ff06,democracy-index-eiu-dfdaadb3d9a271eeafcf1252a03a641f_v108_300x160.svg,26,88,225681448,98091
democracy-index-eiu,SlopeChart,tab=slope,tab=slope,c1460c453011f51eceaff8ddfecf402d,democracy-index-eiu-b641ba3f8c55310ebaa72a56775e90dd_v108_300x160.svg,30,109,297730328,98091
democracy-index-eiu,DiscreteBar,tab=discrete-bar,tab=discrete-bar,fdacfcedbbfa075a0774070c02d6287b,democracy-index-eiu-f88355aac84b3af61e7230eae8da2f3a_v108_300x160.svg,9,22,250953440,98091
democracy-index-eiu,Marimekko,tab=marimekko,tab=marimekko,466e5d389c2e42b9dcc58562029de463,democracy-index-eiu-319ce4be43de4150da31ae9a5de0ac26_v108_300x160.svg,10,156,263914912,98091
diabetes-prevalence,WorldMap,tab=map,tab=map,df2f100795cb446c2486f173637d4c16,diabetes-prevalence-83275d7e04dd5874f8a63e9a2aca43be_v22_300x160.svg,5,145,241168208,12853
diabetes-prevalence,DiscreteBar,tab=discrete-bar,tab=discrete-bar,5ccfc7187221a4e5e71c9b2af72c54ba,diabetes-prevalence-f88355aac84b3af61e7230eae8da2f3a_v22_300x160.svg,2,54,253346896,12853
earthquake-deaths,WorldMap,tab=map,tab=map,c61507d1420dfb87dd0dc3f7b0538108,earthquake-deaths-83275d7e04dd5874f8a63e9a2aca43be_v11_300x160.svg,4,149,307205456,123351
earthquake-deaths,StackedBar,tab=stacked-bar,tab=stacked-bar,72d6b1cf09a4557e22b244be337813bc,earthquake-deaths-68501dd450fb1055ac19ba51b2b84f64_v11_300x160.svg,3,874,265759992,123351
economic-inequality-gini-index,WorldMap,tab=map,tab=map,60d40fb5e8e8b01878cb798e55eaf551,economic-inequality-gini-index-83275d7e04dd5874f8a63e9a2aca43be_v92_300x160.svg,5,97,267210496,110610
economic-inequality-gini-index,LineChart,tab=line,tab=line,36d0dc7f39fd1822b0960832db8961be,economic-inequality-gini-index-dfdaadb3d9a271eeafcf1252a03a641f_v92_300x160.svg,9,103,307017624,110610
economic-inequality-gini-index,DiscreteBar,tab=discrete-bar,tab=discrete-bar,dd6b89a2f6873b9be1d27d8041310d30,economic-inequality-gini-index-f88355aac84b3af61e7230eae8da2f3a_v92_300x160.svg,6,69,319688080,110610
economic-inequality-gini-index,Marimekko,tab=marimekko,tab=marimekko,0dca29401c0feb066b983a01866d1627,economic-inequality-gini-index-319ce4be43de4150da31ae9a5de0ac26_v92_300x160.svg,10,249,337478672,110610
electricity-prod-source-stacked,StackedArea,tab=stacked-area,tab=stacked-area,fdb5150a3efb14948be69b7e41c28922,electricity-prod-source-stacked-9da5fabd5ba19117b27cdbe481d84f99_v53_300x160.svg,100,134,291591560,1691696
energy-consumption-by-source-and-country,StackedArea,tab=stacked-area,tab=stacked-area,63d271e2412f5a96e9577bbd4ba4acb3,energy-consumption-by-source-and-country-9da5fabd5ba19117b27cdbe481d84f99_v46_300x160.svg,146,172,264968960,1885776
energy-use-per-person-vs-gdp-per-capita,ScatterPlot,tab=scatter,tab=scatter,f2a7d7ba77ce91e89551c36615ae2e21,energy-use-per-person-vs-gdp-per-capita-7ae6b286ba87c656487e4399a73119dc_v42_300x160.svg,50,321,277650256,617788
female-population-by-age-group,DiscreteBar,tab=discrete-bar,tab=discrete-bar,fcfe8f6705f36f0daf5a8e15ab0abc75,female-population-by-age-group-f88355aac84b3af61e7230eae8da2f3a_v4_300x160.svg,1185,1293,260286496,12062762
food-emissions-supply-chain,StackedDiscreteBar,tab=stacked-discrete-bar,tab=stacked-discrete-bar,0abe47fa2c4cda4fbc575b04665faba4,food-emissions-supply-chain-a7a77a74cb2b694300091c7481efc11f_v21_300x160.svg,5,42,420940440,13094
food-waste-per-capita,StackedDiscreteBar,tab=stacked-discrete-bar,tab=stacked-discrete-bar,26eb46b53f338368e11ca99bb851a4b9,food-waste-per-capita-a7a77a74cb2b694300091c7481efc11f_v14_300x160.svg,6,28,295256400,48081
gdp-per-capita-maddison-project-database,WorldMap,tab=map,tab=map,2d5dd8f15f22445032e394759097c2a9,gdp-per-capita-maddison-project-database-83275d7e04dd5874f8a63e9a2aca43be_v53_300x160.svg,14,289,303858720,652924
gdp-per-capita-maddison-project-database,LineChart,tab=line,tab=line,b33a1830b286c020df65f433b515982c,gdp-per-capita-maddison-project-database-dfdaadb3d9a271eeafcf1252a03a641f_v53_300x160.svg,20,68,302473112,652924
gdp-per-capita-maddison-project-database,SlopeChart,tab=slope,tab=slope,e839ab32b5a6d6586c9426ec6e2f127b,gdp-per-capita-maddison-project-database-b641ba3f8c55310ebaa72a56775e90dd_v53_300x160.svg,22,272,306457968,652924
gdp-per-capita-maddison-project-database,DiscreteBar,tab=discrete-bar,tab=discrete-bar,3d225fa2bd30d608a29a1820325d6567,gdp-per-capita-maddison-project-database-f88355aac84b3af61e7230eae8da2f3a_v53_300x160.svg,16,52,435535104,652924
gdp-per-capita-worldbank,WorldMap,tab=map,tab=map,7c46ed8ba9312ae5668cfb3a1787ca8f,gdp-per-capita-worldbank-83275d7e04dd5874f8a63e9a2aca43be_v57_300x160.svg,38,214,297763232,250566
gdp-per-capita-worldbank,LineChart,tab=line,tab=line,36392594f81113a5873643f64c5587e3,gdp-per-capita-worldbank-dfdaadb3d9a271eeafcf1252a03a641f_v57_300x160.svg,28,112,309249104,250566
gdp-per-capita-worldbank,SlopeChart,tab=slope,tab=slope,de62529721f1e633f4372310d617c9cb,gdp-per-capita-worldbank-b641ba3f8c55310ebaa72a56775e90dd_v57_300x160.svg,22,63,448844832,250566
gdp-per-capita-worldbank,DiscreteBar,tab=discrete-bar,tab=discrete-bar,326494f64a41745cd323832302ff3677,gdp-per-capita-worldbank-f88355aac84b3af61e7230eae8da2f3a_v57_300x160.svg,26,81,298382608,250566
gdp-per-capita-worldbank,Marimekko,tab=marimekko,tab=marimekko,e0be3637c5b60efbdb96f4bfccd38cf2,gdp-per-capita-worldbank-319ce4be43de4150da31ae9a5de0ac26_v57_300x160.svg,17,126,473645776,250566
gdp-vs-happiness,ScatterPlot,tab=scatter,tab=scatter,7d0c9a96fe76334b388366818a2bb413,gdp-vs-happiness-7ae6b286ba87c656487e4399a73119dc_v53_300x160.svg,33,206,338679280,313387
ghg-per-kg-poore,DiscreteBar,tab=discrete-bar,tab=discrete-bar,5425ab6778e193eedc22190c93c204e2,ghg-per-kg-poore-f88355aac84b3af61e7230eae8da2f3a_v17_300x160.svg,2,13,300319368,1242
gini-coefficient-vs-gdp-per-capita-pip,ScatterPlot,tab=scatter,tab=scatter,2806b05a57597d9fdf036618720113a8,gini-coefficient-vs-gdp-per-capita-pip-7ae6b286ba87c656487e4399a73119dc_v87_300x160.svg,263,634,238236448,2184259
global-child-deaths-by-cause,SlopeChart,tab=slope,tab=slope,d1a345e8f17a5b428f1d12408e20d951,global-child-deaths-by-cause-b641ba3f8c55310ebaa72a56775e90dd_v22_300x160.svg,1,12,282739584,3131
global-energy-substitution,StackedArea,tab=stacked-area,tab=stacked-area,2fe87bdefb817472e3d8cd27551ae244,global-energy-substitution-9da5fabd5ba19117b27cdbe481d84f99_v22_300x160.svg,5,31,314581784,24950
global-primary-energy,StackedArea,tab=stacked-area,tab=stacked-area,7d7cccd8da2cee6b10dd1a77b7d7644f,global-primary-energy-9da5fabd5ba19117b27cdbe481d84f99_v26_300x160.svg,13,39,300367336,24884
global-whale-biomass,SlopeChart,tab=slope,tab=slope,dc4ab75b8dbd03440c9d4a86005af52c,global-whale-biomass-b641ba3f8c55310ebaa72a56775e90dd_v6_300x160.svg,2,16,367967048,600
homelessness-rate-point-in-time-count,StackedDiscreteBar,tab=stacked-discrete-bar,tab=stacked-discrete-bar,6bc29e2258e417e37a1a6d3a68e7bc64,homelessness-rate-point-in-time-count-a7a77a74cb2b694300091c7481efc11f_v46_300x160.svg,4,30,316664728,1351
how-important-religion-is-in-your-life,StackedDiscreteBar,tab=stacked-discrete-bar,tab=stacked-discrete-bar,b35762d615e90e48327fad4b25e54ea3,how-important-religion-is-in-your-life-a7a77a74cb2b694300091c7481efc11f_v28_300x160.svg,9,43,291908000,75258
human-capital-index-in-2018,WorldMap,tab=map,tab=map,b8467c4a445800e8e377b7654799a545,human-capital-index-in-2018-83275d7e04dd5874f8a63e9a2aca43be_v17_300x160.svg,9,33,315422240,29039
human-capital-index-in-2018,Marimekko,tab=marimekko,tab=marimekko,e54ba3fb991b35c15be417aaf70a0f33,human-capital-index-in-2018-319ce4be43de4150da31ae9a5de0ac26_v17_300x160.svg,6,77,320450208,29039
human-capital-index-in-2018,LineChart,tab=line,tab=line,1f486735e2af42e0d8cc94bdab91e8b5,human-capital-index-in-2018-dfdaadb3d9a271eeafcf1252a03a641f_v17_300x160.svg,151,278,162344688,29039
human-capital-index-in-2018,DiscreteBar,tab=discrete-bar,tab=discrete-bar,0d7c348f5a44e22603f98622018518fc,human-capital-index-in-2018-f88355aac84b3af61e7230eae8da2f3a_v17_300x160.svg,6,12,305555224,29039
human-capital-index-in-2018,SlopeChart,tab=slope,tab=slope,5df62734e85a2f66d38c585a3ace6e37,human-capital-index-in-2018-b641ba3f8c55310ebaa72a56775e90dd_v17_300x160.svg,4,23,306036488,29039
human-development-index,WorldMap,tab=map,tab=map,1935fafc47bb0316c5d8b47feefa3dfa,human-development-index-83275d7e04dd5874f8a63e9a2aca43be_v31_300x160.svg,25,207,339239096,206213
human-development-index,LineChart,tab=line,tab=line,7bf4e75fbadcb49a95a1eeb9dbe4e87d,human-development-index-dfdaadb3d9a271eeafcf1252a03a641f_v31_300x160.svg,66,99,315751264,206213
human-development-index,DiscreteBar,tab=discrete-bar,tab=discrete-bar,cffdcc413986df128c22da435c0bd957,human-development-index-f88355aac84b3af61e7230eae8da2f3a_v31_300x160.svg,17,49,164305088,206213
human-development-index,SlopeChart,tab=slope,tab=slope,d22a45857b4412271651a524f742c400,human-development-index-b641ba3f8c55310ebaa72a56775e90dd_v31_300x160.svg,200,316,167653224,206213
human-development-index,Marimekko,tab=marimekko,tab=marimekko,568ba6755d725e994cd655303d501413,human-development-index-319ce4be43de4150da31ae9a5de0ac26_v31_300x160.svg,17,174,182933504,206213
human-development-index-vs-gdp-per-capita,ScatterPlot,tab=scatter,tab=scatter,2d7656202f9fed107f40ed3a8bcab385,human-development-index-vs-gdp-per-capita-7ae6b286ba87c656487e4399a73119dc_v26_300x160.svg,420,1074,258455536,2279862
life-expectancy,WorldMap,tab=map,tab=map,fea04421d362c4f7f64832def6fb5a05,life-expectancy-83275d7e04dd5874f8a63e9a2aca43be_v62_300x160.svg,27,336,516521432,675005
life-expectancy,LineChart,tab=line,tab=line,66394cee07db594065186083938060c0,life-expectancy-dfdaadb3d9a271eeafcf1252a03a641f_v62_300x160.svg,19,100,312084184,675005
life-expectancy,DiscreteBar,tab=discrete-bar,tab=discrete-bar,25b48f3d72dfac35bf336a244bb359f0,life-expectancy-f88355aac84b3af61e7230eae8da2f3a_v62_300x160.svg,26,58,352069200,675005
life-expectancy-marimekko,Marimekko,tab=marimekko,tab=marimekko,bd9c0721cd1fed70f547010526bd920d,life-expectancy-marimekko-319ce4be43de4150da31ae9a5de0ac26_v38_300x160.svg,410,1166,470067664,2516684
life-expectancy-vs-gdp-per-capita,ScatterPlot,tab=scatter,tab=scatter,4cc5485e573500a5fcbd73ebf9900662,life-expectancy-vs-gdp-per-capita-7ae6b286ba87c656487e4399a73119dc_v39_300x160.svg,549,1650,358726712,3169608
life-expectancy-vs-health-expenditure,ScatterPlot,tab=scatter,tab=scatter,4667efa318ed997ab98b2dae75b78bf1,life-expectancy-vs-health-expenditure-7ae6b286ba87c656487e4399a73119dc_v40_300x160.svg,126,261,362171136,643529
measles-cases-and-death-rate,LineChart,tab=line,tab=line,0e388fbcfe171ae64e991df0579cf5f1,measles-cases-and-death-rate-dfdaadb3d9a271eeafcf1252a03a641f_v23_300x160.svg,3,26,170583856,6290
measles-cases-and-death-rate,DiscreteBar,tab=discrete-bar,tab=discrete-bar,f09dd531a34f60d43bff80bbc45f1c8a,measles-cases-and-death-rate-f88355aac84b3af61e7230eae8da2f3a_v23_300x160.svg,5,26,177905776,6290
modern-renewable-energy-consumption,StackedArea,tab=stacked-area,tab=stacked-area,8945d7e73c6ff10022093c9f92b3c8c3,modern-renewable-energy-consumption-9da5fabd5ba19117b27cdbe481d84f99_v26_300x160.svg,40,54,176374208,769200
multidimensional-poverty-index-mpi,WorldMap,tab=map,tab=map,919717fa1c84b4dfb63730b5a5f2de53,multidimensional-poverty-index-mpi-83275d7e04dd5874f8a63e9a2aca43be_v41_300x160.svg,2,38,185906800,13187
multidimensional-poverty-index-mpi,Marimekko,tab=marimekko,tab=marimekko,32dbb672a302ac8fda6d49185f4c392c,multidimensional-poverty-index-mpi-319ce4be43de4150da31ae9a5de0ac26_v41_300x160.svg,3,40,268547048,13187
natural-disasters-by-type,StackedBar,tab=stacked-bar,tab=stacked-bar,7fff280cb440d021dc6491ea89527ac1,natural-disasters-by-type-68501dd450fb1055ac19ba51b2b84f64_v25_300x160.svg,4,92,194873984,33943
nuclear-warhead-inventories,StackedDiscreteBar,tab=stacked-discrete-bar,tab=stacked-discrete-bar,f21fb53a0a7da631fa2335b2235810ae,nuclear-warhead-inventories-a7a77a74cb2b694300091c7481efc11f_v74_300x160.svg,4,16,270274272,1176
number-of-armed-conflicts,StackedBar,tab=stacked-bar,tab=stacked-bar,4c19606b86e8173fb7d2a9592b18604b,number-of-armed-conflicts-68501dd450fb1055ac19ba51b2b84f64_v48_300x160.svg,88,112,201790624,998359
number-of-deaths-by-risk-factor,DiscreteBar,tab=discrete-bar,tab=discrete-bar,c9e034ffbeac0f15da718fba9f878aa3,number-of-deaths-by-risk-factor-f88355aac84b3af61e7230eae8da2f3a_v47_300x160.svg,460,499,571096328,6480292
number-of-nuclear-weapons-tests,StackedBar,tab=stacked-bar,tab=stacked-bar,3c068497c785aaca324c534b28219231,number-of-nuclear-weapons-tests-68501dd450fb1055ac19ba51b2b84f64_v26_300x160.svg,4,201,295877800,16084
per-capita-energy-stacked,StackedDiscreteBar,tab=stacked-discrete-bar,tab=stacked-discrete-bar,12ead1b83577a72aecd7991803e5039e,per-capita-energy-stacked-a7a77a74cb2b694300091c7481efc11f_v22_300x160.svg,108,157,184121208,1305985
per-capita-meat-consumption-by-type-kilograms-per-year,StackedArea,tab=stacked-area,tab=stacked-area,1d7f61b017b53a2cf8b18fffa782969e,per-capita-meat-consumption-by-type-kilograms-per-year-9da5fabd5ba19117b27cdbe481d84f99_v18_300x160.svg,205,226,388796488,2137046
per-capita-meat-type,StackedDiscreteBar,tab=stacked-discrete-bar,tab=stacked-discrete-bar,0c7ba7b1f7a708b82b2c08e0cdf9cb9a,per-capita-meat-type-a7a77a74cb2b694300091c7481efc11f_v19_300x160.svg,160,180,303317224,2567432
plastic-waste-incinerated,SlopeChart,tab=slope,tab=slope,9347401278f1a44ea7a26e1979aa2961,plastic-waste-incinerated-b641ba3f8c55310ebaa72a56775e90dd_v11_300x160.svg,2,16,203701760,6794
plastic-waste-landfill,SlopeChart,tab=slope,tab=slope,fdb21ef81366e2a110fc9708d21c96a9,plastic-waste-landfill-b641ba3f8c55310ebaa72a56775e90dd_v12_300x160.svg,3,13,205159520,6855
population,WorldMap,tab=map,tab=map,3bf138813e05c5cdf6636c00ee4b892b,population-83275d7e04dd5874f8a63e9a2aca43be_v54_300x160.svg,44,234,238448272,1832381
population,LineChart,tab=line,tab=line,aa2a015e313261d2c9e3b01f12108921,population-dfdaadb3d9a271eeafcf1252a03a641f_v54_300x160.svg,37,150,219108504,1832381
population,DiscreteBar,tab=discrete-bar,tab=discrete-bar,cc2a85aa5e1da098f4fbfcb74062df63,population-f88355aac84b3af61e7230eae8da2f3a_v54_300x160.svg,44,113,401902672,1832381
population-by-age-group,StackedArea,tab=stacked-area,tab=stacked-area,450b9b2b62f074754f495ecff6e4ec6e,population-by-age-group-9da5fabd5ba19117b27cdbe481d84f99_v28_300x160.svg,246,302,227870328,2994528
population-regions-with-projections,StackedArea,tab=stacked-area,tab=stacked-area,b49434392c6c3bb7cd0dd87a8e3f6733,population-regions-with-projections-9da5fabd5ba19117b27cdbe481d84f99_v57_300x160.svg,34,120,319933168,2461098
primary-energy-source-bar,StackedDiscreteBar,tab=stacked-discrete-bar,tab=stacked-discrete-bar,c7c0e229f024f26ad846d7563825b31e,primary-energy-source-bar-a7a77a74cb2b694300091c7481efc11f_v24_300x160.svg,86,110,235489560,1657253
share-multi-poverty,WorldMap,tab=map,tab=map,db5801b036bd1c4af93a12a7a131cbaa,share-multi-poverty-83275d7e04dd5874f8a63e9a2aca43be_v45_300x160.svg,5,34,407588880,12995
share-multi-poverty,Marimekko,tab=marimekko,tab=marimekko,b722d9d8ee8392450ed39ae3fb9d7495,share-multi-poverty-319ce4be43de4150da31ae9a5de0ac26_v45_300x160.svg,5,62,318304640,12995
share-of-households-by-type,StackedDiscreteBar,tab=stacked-discrete-bar,tab=stacked-discrete-bar,f5ef1446a5023408f9bf008c6f607d30,share-of-households-by-type-a7a77a74cb2b694300091c7481efc11f_v24_300x160.svg,10,31,192469360,161806
share-of-plastic-waste-that-is-mismanaged,SlopeChart,tab=slope,tab=slope,8feedbdb9c8169dec2a60333e03e366b,share-of-plastic-waste-that-is-mismanaged-b641ba3f8c55310ebaa72a56775e90dd_v17_300x160.svg,4,10,240317312,6874
share-of-students-at-end-of-primary-education-achieving-minimum-math-proficiency,WorldMap,tab=map,tab=map,ecd0a61cd041a9711023931eb0691813,share-of-students-at-end-of-primary-education-achieving-minimum-math-proficiency-83275d7e04dd5874f8a63e9a2aca43be_v20_300x160.svg,2,24,256469680,25938
share-of-students-at-end-of-primary-education-achieving-minimum-math-proficiency,Marimekko,tab=marimekko,tab=marimekko,a75717d4121ae04d382b2610c2ff9a21,share-of-students-at-end-of-primary-education-achieving-minimum-math-proficiency-319ce4be43de4150da31ae9a5de0ac26_v20_300x160.svg,4,47,587382200,25938
share-of-students-at-end-of-primary-education-achieving-minimum-reading-proficiency,WorldMap,tab=map,tab=map,346f22c56b2e4674f9b4ccf552b446d3,share-of-students-at-end-of-primary-education-achieving-minimum-reading-proficiency-83275d7e04dd5874f8a63e9a2aca43be_v32_300x160.svg,3,31,330732872,26254
share-of-students-at-end-of-primary-education-achieving-minimum-reading-proficiency,Marimekko,tab=marimekko,tab=marimekko,fe1f5b02cd5de63f1a84833d9efb26d9,share-of-students-at-end-of-primary-education-achieving-minimum-reading-proficiency-319ce4be43de4150da31ae9a5de0ac26_v32_300x160.svg,3,82,437615280,26254
share-plastic-waste-recycled,SlopeChart,tab=slope,tab=slope,7d54e6c60838b0ad0ce238141ca341a1,share-plastic-waste-recycled-b641ba3f8c55310ebaa72a56775e90dd_v13_300x160.svg,5,17,202783072,6871
significant-volcanic-eruptions,WorldMap,tab=map,tab=map,2362623a466c1cef7fbaa2e773e0ac59,significant-volcanic-eruptions-83275d7e04dd5874f8a63e9a2aca43be_v9_300x160.svg,3,24,246803840,59810
significant-volcanic-eruptions,StackedBar,tab=stacked-bar,tab=stacked-bar,003b8c2a9fb65e589d4a14c45e0b1e22,significant-volcanic-eruptions-68501dd450fb1055ac19ba51b2b84f64_v9_300x160.svg,3,137,336218880,59810
views-of-americans-robot-vs-human-intelligence,SlopeChart,tab=slope,tab=slope,690a79288853900170c5331749bc88c3,views-of-americans-robot-vs-human-intelligence-b641ba3f8c55310ebaa72a56775e90dd_v23_300x160.svg,4,10,541513440,20573
views-of-americans-robot-vs-human-intelligence,LineChart,tab=line,tab=line,a1d81dcbb70d08a2d1f62e7ee59cb769,views-of-americans-robot-vs-human-intelligence-dfdaadb3d9a271eeafcf1252a03a641f_v23_300x160.svg,14,27,226282552,20573
whale-populations,SlopeChart,tab=slope,tab=slope,7fa5735b6a616d20fb283d9fc4620d01,whale-populations-b641ba3f8c55310ebaa72a56775e90dd_v10_300x160.svg,3,8,206322992,576
years-colonized,WorldMap,tab=map,tab=map,d2601c39dee05edb41bd5faac44a1ce8,years-colonized-83275d7e04dd5874f8a63e9a2aca43be_v18_300x160.svg,297,548,370452704,2322393
years-colonized,Marimekko,tab=marimekko,tab=marimekko,aa2a42dc1d186f260ca98418ace8fd74,years-colonized-319ce4be43de4150da31ae9a5de0ac26_v18_300x160.svg,258,520,657180792,2322393