viewId,chartType,queryStr,md5,svgFilename,durationReceiveData,durationTotal,heapUsed,totalDataFileSize
academic-performance?sex=both&subject=mathematics,WorldMap,,e46b3a8df672a5a5da827e3c19b8a075,academic-performance?sex=both&subject=mathematics_v0_850x600.svg,8,199,199209880,15010
academic-performance?sex=both&subject=reading,WorldMap,,e4b3e9c11d56cf1308e112cc4de5f641,academic-performance?sex=both&subject=reading_v0_850x600.svg,9,211,195673072,16363
academic-performance?sex=both&subject=science,WorldMap,,7e78b9bd4de40f6e1c3f8a1dae60f9eb,academic-performance?sex=both&subject=science_v0_850x600.svg,4,186,194381000,13701
academic-performance?sex=both&subject=subject_side_by_side,LineChart,,d0e7576d22f9bd0485c0a38cb8849d76,academic-performance?sex=both&subject=subject_side_by_side_v0_850x600.svg,8,115,204364080,45074
academic-performance?sex=boys&subject=mathematics,WorldMap,,7b8ccc8107e553bb9c04aac4a822a9ad,academic-performance?sex=boys&subject=mathematics_v0_850x600.svg,7,227,198038120,15024
academic-performance?sex=boys&subject=reading,WorldMap,,20c46fa23a0e134a1a8965e06e10efcc,academic-performance?sex=boys&subject=reading_v0_850x600.svg,12,232,198797592,16404
academic-performance?sex=boys&subject=science,WorldMap,,c5bda698ecccbbdd9e8170f31ad23379,academic-performance?sex=boys&subject=science_v0_850x600.svg,6,178,193008584,13646
academic-performance?sex=boys&subject=subject_side_by_side,LineChart,,5f72431b9b15d082d3646567d68646a7,academic-performance?sex=boys&subject=subject_side_by_side_v0_850x600.svg,10,146,197531648,45074
academic-performance?sex=girls&subject=mathematics,WorldMap,,029330e0eed7a8723f6801b0f9fa6fa7,academic-performance?sex=girls&subject=mathematics_v0_850x600.svg,5,238,197264952,15034
academic-performance?sex=girls&subject=reading,WorldMap,,c88c40f58d3fe1e5bc65e36331b8552f,academic-performance?sex=girls&subject=reading_v0_850x600.svg,7,239,209455272,16356
academic-performance?sex=girls&subject=science,WorldMap,,84002f71ce37f2f410b2b94bc76a83e9,academic-performance?sex=girls&subject=science_v0_850x600.svg,8,180,205538568,13684
academic-performance?sex=girls&subject=subject_side_by_side,LineChart,,17e802482ce11fbd639d2e897640e5b6,academic-performance?sex=girls&subject=subject_side_by_side_v0_850x600.svg,18,151,204097528,45074
academic-performance?sex=sex_side_by_side&subject=mathematics,LineChart,,40bb998a9f8bcd4d6717d1b42444bc4c,academic-performance?sex=sex_side_by_side&subject=mathematics_v0_850x600.svg,33,153,202077392,30058
academic-performance?sex=sex_side_by_side&subject=reading,LineChart,,3efe4ccce7bddf8d5507bdea6a2be6c4,academic-performance?sex=sex_side_by_side&subject=reading_v0_850x600.svg,7,81,223100536,32760
academic-performance?sex=sex_side_by_side&subject=science,LineChart,,a1b29e84b443deb57d99812bebacd3eb,academic-performance?sex=sex_side_by_side&subject=science_v0_850x600.svg,3,93,233790680,27330
children-not-in-school?sex=both&level=level_side_by_side&metric_type=number,StackedArea,,7abda670c9bce725cd103bced65c1f28,children-not-in-school?sex=both&level=level_side_by_side&metric_type=number_v0_850x600.svg,55,174,221017600,446310
children-not-in-school?sex=both&level=level_side_by_side&metric_type=rate,LineChart,,985012afb556a9d606460c4c8a1980fc,children-not-in-school?sex=both&level=level_side_by_side&metric_type=rate_v0_850x600.svg,71,241,241304280,483078
children-not-in-school?sex=both&level=lower_secondary&metric_type=number,WorldMap,,96a2e8cd42e722836d696d979c84ba7d,children-not-in-school?sex=both&level=lower_secondary&metric_type=number_v0_850x600.svg,2,182,211292392,104588
children-not-in-school?sex=both&level=lower_secondary&metric_type=rate,WorldMap,,a3d561dc1c68930844ccca46d831f8b8,children-not-in-school?sex=both&level=lower_secondary&metric_type=rate_v0_850x600.svg,5,318,215513512,113569
children-not-in-school?sex=both&level=pre_primary&metric_type=number,WorldMap,,3982d2aeeb4748a487fc8d1e69cdc56f,children-not-in-school?sex=both&level=pre_primary&metric_type=number_v0_850x600.svg,2,78,218568528,82905
children-not-in-school?sex=both&level=pre_primary&metric_type=rate,WorldMap,,9ad4774cf7ff3592243dd38a26674db5,children-not-in-school?sex=both&level=pre_primary&metric_type=rate_v0_850x600.svg,2,60,240944560,91500
children-not-in-school?sex=both&level=primary&metric_type=number,WorldMap,,41bfc399b46ae3532c4d1df7bb53ec8b,children-not-in-school?sex=both&level=primary&metric_type=number_v0_850x600.svg,5,454,218233464,159408
children-not-in-school?sex=both&level=primary&metric_type=rate,WorldMap,,6155f1088dc925002a5ba91964a31b6f,children-not-in-school?sex=both&level=primary&metric_type=rate_v0_850x600.svg,3,510,213251488,170870
children-not-in-school?sex=both&level=upper_secondary&metric_type=number,WorldMap,,08c6a8efd84976f9089224134859a1fb,children-not-in-school?sex=both&level=upper_secondary&metric_type=number_v0_850x600.svg,3,238,265683960,99409
children-not-in-school?sex=both&level=upper_secondary&metric_type=rate,WorldMap,,e8567f966a78a924fefdbe886e86f73e,children-not-in-school?sex=both&level=upper_secondary&metric_type=rate_v0_850x600.svg,10,176,214948912,107139
children-not-in-school?sex=female&level=level_side_by_side&metric_type=number,StackedArea,,e0e0f55649e7552587a07ed3333e0e9d,children-not-in-school?sex=female&level=level_side_by_side&metric_type=number_v0_850x600.svg,14,191,241516728,380754
children-not-in-school?sex=female&level=level_side_by_side&metric_type=rate,LineChart,,845a46f8478858690e4ee51a296a7264,children-not-in-school?sex=female&level=level_side_by_side&metric_type=rate_v0_850x600.svg,31,234,217784672,415013
children-not-in-school?sex=female&level=lower_secondary&metric_type=number,WorldMap,,57685f67ea8454fb0f3e93c9b1e2f48e,children-not-in-school?sex=female&level=lower_secondary&metric_type=number_v0_850x600.svg,3,129,234223792,85403
children-not-in-school?sex=female&level=lower_secondary&metric_type=rate,WorldMap,,6e95f30fbfb536cd88171f009374a963,children-not-in-school?sex=female&level=lower_secondary&metric_type=rate_v0_850x600.svg,6,119,223908488,93330
children-not-in-school?sex=female&level=pre_primary&metric_type=number,WorldMap,,48a3b608bce0c408b39316f10cb40ea1,children-not-in-school?sex=female&level=pre_primary&metric_type=number_v0_850x600.svg,5,84,223411208,79110
children-not-in-school?sex=female&level=pre_primary&metric_type=rate,WorldMap,,21e9cfef7a004b839d0bb92c8eecdace,children-not-in-school?sex=female&level=pre_primary&metric_type=rate_v0_850x600.svg,3,161,213398560,87237
children-not-in-school?sex=female&level=primary&metric_type=number,WorldMap,,7781d3f6f951877e053106344e28d738,children-not-in-school?sex=female&level=primary&metric_type=number_v0_850x600.svg,2,131,262139976,124107
children-not-in-school?sex=female&level=primary&metric_type=rate,WorldMap,,16fc817316da504d737693585137b2df,children-not-in-school?sex=female&level=primary&metric_type=rate_v0_850x600.svg,6,198,225492144,134309
children-not-in-school?sex=female&level=upper_secondary&metric_type=number,WorldMap,,b3a9d902216aa3631ad92a0044ae6d61,children-not-in-school?sex=female&level=upper_secondary&metric_type=number_v0_850x600.svg,2,56,246288792,92134
children-not-in-school?sex=female&level=upper_secondary&metric_type=rate,WorldMap,,b33d6ddd9f3a0ba962474cee79eae53e,children-not-in-school?sex=female&level=upper_secondary&metric_type=rate_v0_850x600.svg,2,50,252585440,100137
children-not-in-school?sex=male&level=level_side_by_side&metric_type=number,StackedArea,,167292d9d4d1c650816830cf9c97087d,children-not-in-school?sex=male&level=level_side_by_side&metric_type=number_v0_850x600.svg,58,176,289944272,380913
children-not-in-school?sex=male&level=level_side_by_side&metric_type=rate,LineChart,,2968557d62d0b74b0e097309be5ac75c,children-not-in-school?sex=male&level=level_side_by_side&metric_type=rate_v0_850x600.svg,39,134,237804416,415348
children-not-in-school?sex=male&level=lower_secondary&metric_type=number,WorldMap,,bfca03a74855d1c04dc585902abd7453,children-not-in-school?sex=male&level=lower_secondary&metric_type=number_v0_850x600.svg,4,113,239752968,85184
children-not-in-school?sex=male&level=lower_secondary&metric_type=rate,WorldMap,,761557371d9dd0183304cbfbebdf2cd2,children-not-in-school?sex=male&level=lower_secondary&metric_type=rate_v0_850x600.svg,4,60,270908640,93176
children-not-in-school?sex=male&level=pre_primary&metric_type=number,WorldMap,,c958e56b60cdaecbefac4c548fe96ae7,children-not-in-school?sex=male&level=pre_primary&metric_type=number_v0_850x600.svg,4,42,275114464,79397
children-not-in-school?sex=male&level=pre_primary&metric_type=rate,WorldMap,,d514a4b0830d0befa90f9252444d8f94,children-not-in-school?sex=male&level=pre_primary&metric_type=rate_v0_850x600.svg,2,174,242318432,87697
children-not-in-school?sex=male&level=primary&metric_type=number,WorldMap,,cceed494230f46b6bf50631485759809,children-not-in-school?sex=male&level=primary&metric_type=number_v0_850x600.svg,7,134,174455704,124138
children-not-in-school?sex=male&level=primary&metric_type=rate,WorldMap,,35c30a4fb6355f8847d8f6fafcf48266,children-not-in-school?sex=male&level=primary&metric_type=rate_v0_850x600.svg,2,54,269530160,134217
children-not-in-school?sex=male&level=upper_secondary&metric_type=number,WorldMap,,0ab6a1af586cf7dbcbcab3b55e07ca5b,children-not-in-school?sex=male&level=upper_secondary&metric_type=number_v0_850x600.svg,1,141,307140280,92194
children-not-in-school?sex=male&level=upper_secondary&metric_type=rate,WorldMap,,7473e9e044234c6f6a75a6293b59b968,children-not-in-school?sex=male&level=upper_secondary&metric_type=rate_v0_850x600.svg,3,113,243785728,100258
children-not-in-school?sex=sex_side_by_side&level=lower_secondary&metric_type=number,StackedArea,,1d541ea2a32cc28ed06fa4274da02897,children-not-in-school?sex=sex_side_by_side&level=lower_secondary&metric_type=number_v0_850x600.svg,8,111,252196928,170587
children-not-in-school?sex=sex_side_by_side&level=lower_secondary&metric_type=rate,LineChart,,594355b0b1e0cfdcfc646fe746d4c41a,children-not-in-school?sex=sex_side_by_side&level=lower_secondary&metric_type=rate_v0_850x600.svg,15,113,238900392,186506
children-not-in-school?sex=sex_side_by_side&level=pre_primary&metric_type=number,StackedArea,,a05162a8d1d9cbde3d3c75aaa92cdb23,children-not-in-school?sex=sex_side_by_side&level=pre_primary&metric_type=number_v0_850x600.svg,14,114,239293880,158507
children-not-in-school?sex=sex_side_by_side&level=pre_primary&metric_type=rate,LineChart,,121c02148378133a83a637fdb174d1a9,children-not-in-school?sex=sex_side_by_side&level=pre_primary&metric_type=rate_v0_850x600.svg,14,97,238527896,174934
children-not-in-school?sex=sex_side_by_side&level=primary&metric_type=number,StackedArea,,dfc7c3abb9e84f60fc93e46595244fee,children-not-in-school?sex=sex_side_by_side&level=primary&metric_type=number_v0_850x600.svg,13,75,294616080,248245
children-not-in-school?sex=sex_side_by_side&level=primary&metric_type=rate,LineChart,,8183e0736c07cc1c7a67c95e17d0bb09,children-not-in-school?sex=sex_side_by_side&level=primary&metric_type=rate_v0_850x600.svg,35,129,235567704,268526
children-not-in-school?sex=sex_side_by_side&level=upper_secondary&metric_type=number,StackedArea,,19c0f038a741a1d462b3cd32fa509a4b,children-not-in-school?sex=sex_side_by_side&level=upper_secondary&metric_type=number_v0_850x600.svg,14,94,301547584,184328
children-not-in-school?sex=sex_side_by_side&level=upper_secondary&metric_type=rate,LineChart,,dd76d495df28a081184d3c67a678122d,children-not-in-school?sex=sex_side_by_side&level=upper_secondary&metric_type=rate_v0_850x600.svg,7,80,289945200,200395
education-spending?level=all&spending_type=constant_ppp,WorldMap,,a2d3dc0098b48dc5bd0df737041414a8,education-spending?level=all&spending_type=constant_ppp_v0_850x600.svg,3,79,249804072,105360
education-spending?level=all&spending_type=gdp_share,WorldMap,,9a25e3a43b22e8dfae767b165e24cce9,education-spending?level=all&spending_type=gdp_share_v0_850x600.svg,2,63,263383152,169333
education-spending?level=all&spending_type=per_student,WorldMap,,ca281f00d7c3a74cd36e25c8c5f2c0b1,education-spending?level=all&spending_type=per_student_v0_850x600.svg,1,56,322052448,57657
education-spending?level=all&spending_type=total_government,WorldMap,,219e0440d25d9fa84be26d7790d40015,education-spending?level=all&spending_type=total_government_v0_850x600.svg,5,76,261780520,126175
education-spending?level=level_side_by_side&spending_type=constant_ppp,StackedBar,,d16cd7907365b8e2292077e547f01206,education-spending?level=level_side_by_side&spending_type=constant_ppp_v0_850x600.svg,22,158,317978704,348418
education-spending?level=level_side_by_side&spending_type=gdp_share,StackedBar,,49a6e64c3ffd0f47bd16ca7849385681,education-spending?level=level_side_by_side&spending_type=gdp_share_v0_850x600.svg,39,229,264259000,459800
education-spending?level=level_side_by_side&spending_type=per_student,StackedBar,,9585853dcaef0ee587459f7ed93ae195,education-spending?level=level_side_by_side&spending_type=per_student_v0_850x600.svg,9,116,317608624,285695
education-spending?level=lower_secondary&spending_type=constant_ppp,WorldMap,,c886f95a9115048a8e9ce7af6294ce76,education-spending?level=lower_secondary&spending_type=constant_ppp_v0_850x600.svg,4,66,306278816,51773
education-spending?level=lower_secondary&spending_type=gdp_share,WorldMap,,1f3dd1c32a2e8ff41b9f583a2e089ee9,education-spending?level=lower_secondary&spending_type=gdp_share_v0_850x600.svg,1,98,258141296,54016
education-spending?level=lower_secondary&spending_type=per_student,WorldMap,,b5e2004c780c28e1e8b00738d69357f5,education-spending?level=lower_secondary&spending_type=per_student_v0_850x600.svg,2,106,251956080,46809
education-spending?level=preprimary&spending_type=constant_ppp,WorldMap,,4bd2c601178a46036e6680d7ef4a6532,education-spending?level=preprimary&spending_type=constant_ppp_v0_850x600.svg,3,90,253765216,80150
education-spending?level=preprimary&spending_type=gdp_share,WorldMap,,b3db3ee09c48e95572a95f89d1be7c3f,education-spending?level=preprimary&spending_type=gdp_share_v0_850x600.svg,4,83,257461832,109062
education-spending?level=preprimary&spending_type=per_student,WorldMap,,34185d80a59e2d22a6fce13d10195189,education-spending?level=preprimary&spending_type=per_student_v0_850x600.svg,4,81,185866840,72953
education-spending?level=primary&spending_type=constant_ppp,WorldMap,,790c01c997648eeda119070a2524cd5f,education-spending?level=primary&spending_type=constant_ppp_v0_850x600.svg,3,51,338683928,78601
education-spending?level=primary&spending_type=gdp_share,WorldMap,,d878ec37c5173c4c032cede5dd004f66,education-spending?level=primary&spending_type=gdp_share_v0_850x600.svg,2,72,290849264,115686
education-spending?level=primary&spending_type=per_student,WorldMap,,ebb08afc56727e52bae284de1a9d0b4a,education-spending?level=primary&spending_type=per_student_v0_850x600.svg,5,51,279092024,61907
education-spending?level=tertiary&spending_type=constant_ppp,WorldMap,,0234e976b193e754e606858d547937b3,education-spending?level=tertiary&spending_type=constant_ppp_v0_850x600.svg,4,82,278597808,84958
education-spending?level=tertiary&spending_type=gdp_share,WorldMap,,dccb8d90999ee9ddd203a9186c225c91,education-spending?level=tertiary&spending_type=gdp_share_v0_850x600.svg,2,75,327670824,125319
education-spending?level=tertiary&spending_type=per_student,WorldMap,,82b96004a5c560008bdfdd9484420e0a,education-spending?level=tertiary&spending_type=per_student_v0_850x600.svg,2,49,333941464,58174
education-spending?level=upper_secondary&spending_type=constant_ppp,WorldMap,,94463cc949b6ef44e3a239c3213d6715,education-spending?level=upper_secondary&spending_type=constant_ppp_v0_850x600.svg,4,98,273760664,52936
education-spending?level=upper_secondary&spending_type=gdp_share,WorldMap,,1e120b28166490059742c36707358ed6,education-spending?level=upper_secondary&spending_type=gdp_share_v0_850x600.svg,2,63,270190600,55717
education-spending?level=upper_secondary&spending_type=per_student,WorldMap,,4391cb970a5962d778c3f946d2f4f7b8,education-spending?level=upper_secondary&spending_type=per_student_v0_850x600.svg,2,39,346241832,45852
female-teachers?level=level_side_by_side,LineChart,,341530a4ec95b9cd08bc5d6d40504cbe,female-teachers?level=level_side_by_side_v0_850x600.svg,62,155,197196424,578520
female-teachers?level=primary,WorldMap,,6d6a8234415bc95dba5499a5501170f7,female-teachers?level=primary_v0_850x600.svg,3,62,309617872,236731
female-teachers?level=secondary,WorldMap,,263ba62c0540d6165f6f446de956b000,female-teachers?level=secondary_v0_850x600.svg,2,95,282591408,186118
female-teachers?level=tertiary,WorldMap,,9be7acd90bb1b510cca62db7fe3a6bee,female-teachers?level=tertiary_v0_850x600.svg,2,102,362903928,155671
learning-outcomes?sex=both&level=level_side_by_side&subject=mathematics&population=all_children,LineChart,,a8e6382144d89a5668afd765d2db5dc3,learning-outcomes?sex=both&level=level_side_by_side&subject=mathematics&population=all_children_v0_850x600.svg,8,80,291539176,36892
learning-outcomes?sex=both&level=level_side_by_side&subject=mathematics&population=students,LineChart,,41495c55db460ab3f44d9fdced86357b,learning-outcomes?sex=both&level=level_side_by_side&subject=mathematics&population=students_v0_850x600.svg,6,86,293046344,40132
learning-outcomes?sex=both&level=level_side_by_side&subject=reading&population=all_children,LineChart,,3962eb00ce098ba3178940f5282d920a,learning-outcomes?sex=both&level=level_side_by_side&subject=reading&population=all_children_v0_850x600.svg,5,96,276335160,33183
learning-outcomes?sex=both&level=level_side_by_side&subject=reading&population=students,LineChart,,f164d8ddf7da65cd8959642d80ee34a9,learning-outcomes?sex=both&level=level_side_by_side&subject=reading&population=students_v0_850x600.svg,17,105,274005872,35369
learning-outcomes?sex=both&level=lower_secondary&subject=mathematics&population=all_children,WorldMap,,e4dc52d19999486053751ea5d7635f78,learning-outcomes?sex=both&level=lower_secondary&subject=mathematics&population=all_children_v0_850x600.svg,3,66,343723560,20887
learning-outcomes?sex=both&level=lower_secondary&subject=mathematics&population=population_side_by_side,LineChart,,31dda29f680216def30ba0785c8ac197,learning-outcomes?sex=both&level=lower_secondary&subject=mathematics&population=population_side_by_side_v0_850x600.svg,3,81,347324624,43812
learning-outcomes?sex=both&level=lower_secondary&subject=mathematics&population=students,WorldMap,,b3a21e97c731540e5cf0d68a862e8f40,learning-outcomes?sex=both&level=lower_secondary&subject=mathematics&population=students_v0_850x600.svg,5,48,361865720,22925
learning-outcomes?sex=both&level=lower_secondary&subject=reading&population=all_children,WorldMap,,7855d07f5a3afe48dffcdcbf418eec49,learning-outcomes?sex=both&level=lower_secondary&subject=reading&population=all_children_v0_850x600.svg,2,61,306463544,19152
learning-outcomes?sex=both&level=lower_secondary&subject=reading&population=population_side_by_side,LineChart,,2fae0e615e4aacc0c0c253d8270e0943,learning-outcomes?sex=both&level=lower_secondary&subject=reading&population=population_side_by_side_v0_850x600.svg,8,59,214919536,39501
learning-outcomes?sex=both&level=lower_secondary&subject=reading&population=students,WorldMap,,c7ea9c184e6f9c1efdd233ddf6f1e74f,learning-outcomes?sex=both&level=lower_secondary&subject=reading&population=students_v0_850x600.svg,3,40,300037536,20349
learning-outcomes?sex=both&level=lower_secondary&subject=subject_side_by_side&population=all_children,LineChart,,f5159c3e930f070747e3af76c1710399,learning-outcomes?sex=both&level=lower_secondary&subject=subject_side_by_side&population=all_children_v0_850x600.svg,5,117,295153544,40039
learning-outcomes?sex=both&level=lower_secondary&subject=subject_side_by_side&population=students,LineChart,,6e58ec98ffe3f2125224223acb902394,learning-outcomes?sex=both&level=lower_secondary&subject=subject_side_by_side&population=students_v0_850x600.svg,7,100,304943112,43274
learning-outcomes?sex=both&level=primary&subject=mathematics&population=all_children,WorldMap,,e6f6c6e29fcc86cc1c0e5a89d87e5718,learning-outcomes?sex=both&level=primary&subject=mathematics&population=all_children_v0_850x600.svg,2,61,332271776,16005
learning-outcomes?sex=both&level=primary&subject=mathematics&population=population_side_by_side,LineChart,,9a4c456b5fab5e95c5f4aacf19e18c7d,learning-outcomes?sex=both&level=primary&subject=mathematics&population=population_side_by_side_v0_850x600.svg,4,78,286025920,33212
learning-outcomes?sex=both&level=primary&subject=mathematics&population=students,WorldMap,,b4941eae1463bbe8b5e7110d8d5914db,learning-outcomes?sex=both&level=primary&subject=mathematics&population=students_v0_850x600.svg,4,32,295110328,17207
learning-outcomes?sex=both&level=primary&subject=reading&population=all_children,WorldMap,,340ff2453a5231a428ce9512ff51cab7,learning-outcomes?sex=both&level=primary&subject=reading&population=all_children_v0_850x600.svg,1,36,378439928,14031
learning-outcomes?sex=both&level=primary&subject=reading&population=population_side_by_side,LineChart,,d54c3e467114834d8f6bff12c2748199,learning-outcomes?sex=both&level=primary&subject=reading&population=population_side_by_side_v0_850x600.svg,9,69,365133992,29051
learning-outcomes?sex=both&level=primary&subject=reading&population=students,WorldMap,,17fd66c39854250f9f9d22eb533d985f,learning-outcomes?sex=both&level=primary&subject=reading&population=students_v0_850x600.svg,1,46,220791488,15020
learning-outcomes?sex=both&level=primary&subject=subject_side_by_side&population=all_children,LineChart,,3e083b341d66d625a7eb54065b036972,learning-outcomes?sex=both&level=primary&subject=subject_side_by_side&population=all_children_v0_850x600.svg,7,94,297029352,30036
learning-outcomes?sex=both&level=primary&subject=subject_side_by_side&population=students,LineChart,,6cb4308a588b4299c06e779638d96251,learning-outcomes?sex=both&level=primary&subject=subject_side_by_side&population=students_v0_850x600.svg,3,72,365984400,32227
learning-outcomes?sex=female&level=level_side_by_side&subject=mathematics&population=all_children,LineChart,,37ea4bc0b700b86328feb081a5b059d8,learning-outcomes?sex=female&level=level_side_by_side&subject=mathematics&population=all_children_v0_850x600.svg,5,249,167291536,21990
learning-outcomes?sex=female&level=level_side_by_side&subject=mathematics&population=students,LineChart,,ef49eb63944fadcae2323d6a38bb693f,learning-outcomes?sex=female&level=level_side_by_side&subject=mathematics&population=students_v0_850x600.svg,5,82,315027200,24190
learning-outcomes?sex=female&level=level_side_by_side&subject=reading&population=all_children,LineChart,,55145026b486a3bcf70da9274d108148,learning-outcomes?sex=female&level=level_side_by_side&subject=reading&population=all_children_v0_850x600.svg,6,142,164724632,20962
learning-outcomes?sex=female&level=level_side_by_side&subject=reading&population=students,LineChart,,785190c1713bcf5fec519988b0369036,learning-outcomes?sex=female&level=level_side_by_side&subject=reading&population=students_v0_850x600.svg,4,75,303722016,22317
learning-outcomes?sex=female&level=lower_secondary&subject=mathematics&population=all_children,WorldMap,,7a0db72793262f31d78331e806d21eda,learning-outcomes?sex=female&level=lower_secondary&subject=mathematics&population=all_children_v0_850x600.svg,3,45,326191712,13949
learning-outcomes?sex=female&level=lower_secondary&subject=mathematics&population=population_side_by_side,LineChart,,6a005db2dd0d85ad5566a886bd4ec6f7,learning-outcomes?sex=female&level=lower_secondary&subject=mathematics&population=population_side_by_side_v0_850x600.svg,11,68,384360872,28925
learning-outcomes?sex=female&level=lower_secondary&subject=mathematics&population=students,WorldMap,,2b309390a06e33827eb1a4d3b25937e0,learning-outcomes?sex=female&level=lower_secondary&subject=mathematics&population=students_v0_850x600.svg,3,58,306107088,14976
learning-outcomes?sex=female&level=lower_secondary&subject=reading&population=all_children,WorldMap,,3330267f0346adbebebfe1732ea3a908,learning-outcomes?sex=female&level=lower_secondary&subject=reading&population=all_children_v0_850x600.svg,2,54,240676672,13308
learning-outcomes?sex=female&level=lower_secondary&subject=reading&population=population_side_by_side,LineChart,,cfa9ed2c2759c6ed20b01e1b57802046,learning-outcomes?sex=female&level=lower_secondary&subject=reading&population=population_side_by_side_v0_850x600.svg,5,99,304581000,26944
learning-outcomes?sex=female&level=lower_secondary&subject=reading&population=students,WorldMap,,c3ad7864062c7a180dc5a0f2b7db995c,learning-outcomes?sex=female&level=lower_secondary&subject=reading&population=students_v0_850x600.svg,1,65,341834656,13636
learning-outcomes?sex=female&level=lower_secondary&subject=subject_side_by_side&population=all_children,LineChart,,3e491eb740d7cff692d4c59942a21c34,learning-outcomes?sex=female&level=lower_secondary&subject=subject_side_by_side&population=all_children_v0_850x600.svg,22,114,377180888,27257
learning-outcomes?sex=female&level=lower_secondary&subject=subject_side_by_side&population=students,LineChart,,a3f2070c45cabfe7752657c395037863,learning-outcomes?sex=female&level=lower_secondary&subject=subject_side_by_side&population=students_v0_850x600.svg,3,90,395437624,28612
learning-outcomes?sex=female&level=primary&subject=mathematics&population=all_children,WorldMap,,3123b16fa17a3a489ed8ea85a0d65575,learning-outcomes?sex=female&level=primary&subject=mathematics&population=all_children_v0_850x600.svg,5,44,312232640,8041
learning-outcomes?sex=female&level=primary&subject=mathematics&population=population_side_by_side,LineChart,,3cd185adc20067b32a19c6b5f5926033,learning-outcomes?sex=female&level=primary&subject=mathematics&population=population_side_by_side_v0_850x600.svg,4,80,335915408,17255
learning-outcomes?sex=female&level=primary&subject=mathematics&population=students,WorldMap,,c7c2c926463c6dd1a7dedf9525424d7d,learning-outcomes?sex=female&level=primary&subject=mathematics&population=students_v0_850x600.svg,3,49,324863016,9214
learning-outcomes?sex=female&level=primary&subject=reading&population=all_children,WorldMap,,ab780c14412a619d7ca12c18f819d253,learning-outcomes?sex=female&level=primary&subject=reading&population=all_children_v0_850x600.svg,1,18,189136096,7654
learning-outcomes?sex=female&level=primary&subject=reading&population=population_side_by_side,LineChart,,8f97e2fbff8b30fee08c229e71af06a7,learning-outcomes?sex=female&level=primary&subject=reading&population=population_side_by_side_v0_850x600.svg,3,168,175994272,16335
learning-outcomes?sex=female&level=primary&subject=reading&population=students,WorldMap,,ab43e27507f39754df62880615b8843f,learning-outcomes?sex=female&level=primary&subject=reading&population=students_v0_850x600.svg,1,50,320424680,8681
learning-outcomes?sex=female&level=primary&subject=subject_side_by_side&population=all_children,LineChart,,0d3bab78fa33a68944b2b921c19c7d2f,learning-outcomes?sex=female&level=primary&subject=subject_side_by_side&population=all_children_v0_850x600.svg,9,91,254307512,15695
learning-outcomes?sex=female&level=primary&subject=subject_side_by_side&population=students,LineChart,,9cf1fe17e95ab6fc540b522df642c561,learning-outcomes?sex=female&level=primary&subject=subject_side_by_side&population=students_v0_850x600.svg,3,256,164923472,17895
learning-outcomes?sex=male&level=level_side_by_side&subject=mathematics&population=all_children,LineChart,,0ca1c90962280fd61e4c79f3df06144c,learning-outcomes?sex=male&level=level_side_by_side&subject=mathematics&population=all_children_v0_850x600.svg,2,65,386125368,22020
learning-outcomes?sex=male&level=level_side_by_side&subject=mathematics&population=students,LineChart,,8a175b194852000296ffed71074da125,learning-outcomes?sex=male&level=level_side_by_side&subject=mathematics&population=students_v0_850x600.svg,5,49,176885800,24182
learning-outcomes?sex=male&level=level_side_by_side&subject=reading&population=all_children,LineChart,,01de1b2256079eeaf2ce47575091d402,learning-outcomes?sex=male&level=level_side_by_side&subject=reading&population=all_children_v0_850x600.svg,3,83,337299408,20968
learning-outcomes?sex=male&level=level_side_by_side&subject=reading&population=students,LineChart,,0613cbc5583006a1d8a036dcab6e3384,learning-outcomes?sex=male&level=level_side_by_side&subject=reading&population=students_v0_850x600.svg,2,37,200245424,22330
learning-outcomes?sex=male&level=lower_secondary&subject=mathematics&population=all_children,WorldMap,,7b3b724127672f293fe95f8941039dd3,learning-outcomes?sex=male&level=lower_secondary&subject=mathematics&population=all_children_v0_850x600.svg,4,66,322195872,13968
learning-outcomes?sex=male&level=lower_secondary&subject=mathematics&population=population_side_by_side,LineChart,,d7a88d54386b038bf6ab2a14cef9d445,learning-outcomes?sex=male&level=lower_secondary&subject=mathematics&population=population_side_by_side_v0_850x600.svg,7,96,329630168,28947
learning-outcomes?sex=male&level=lower_secondary&subject=mathematics&population=students,WorldMap,,b0b8cb0f69e9f6c792e879bb09e01ea5,learning-outcomes?sex=male&level=lower_secondary&subject=mathematics&population=students_v0_850x600.svg,5,37,366883360,14979
learning-outcomes?sex=male&level=lower_secondary&subject=reading&population=all_children,WorldMap,,e3452f714aa270a1eb85508e7f5b9580,learning-outcomes?sex=male&level=lower_secondary&subject=reading&population=all_children_v0_850x600.svg,3,43,184567432,13303
learning-outcomes?sex=male&level=lower_secondary&subject=reading&population=population_side_by_side,LineChart,,4378cd7d21173adbd288cb9aefd4a478,learning-outcomes?sex=male&level=lower_secondary&subject=reading&population=population_side_by_side_v0_850x600.svg,3,72,343719584,26955
learning-outcomes?sex=male&level=lower_secondary&subject=reading&population=students,WorldMap,,cfd9e8ec1cbe655380818feee263889e,learning-outcomes?sex=male&level=lower_secondary&subject=reading&population=students_v0_850x600.svg,2,30,205321704,13652
learning-outcomes?sex=male&level=lower_secondary&subject=subject_side_by_side&population=all_children,LineChart,,8d0e9b6168a96b5e6d512853c28a1b13,learning-outcomes?sex=male&level=lower_secondary&subject=subject_side_by_side&population=all_children_v0_850x600.svg,5,99,166966800,27271
learning-outcomes?sex=male&level=lower_secondary&subject=subject_side_by_side&population=students,LineChart,,e2ebee16d815aead73c9aa834fe3b146,learning-outcomes?sex=male&level=lower_secondary&subject=subject_side_by_side&population=students_v0_850x600.svg,8,67,268945616,28631
learning-outcomes?sex=male&level=primary&subject=mathematics&population=all_children,WorldMap,,8ca8336fcde29507fb660668534a0957,learning-outcomes?sex=male&level=primary&subject=mathematics&population=all_children_v0_850x600.svg,3,36,342501736,8052
learning-outcomes?sex=male&level=primary&subject=mathematics&population=population_side_by_side,LineChart,,adc2190385ba16c2d933e8bec10a14ac,learning-outcomes?sex=male&level=primary&subject=mathematics&population=population_side_by_side_v0_850x600.svg,16,61,184831080,17255
learning-outcomes?sex=male&level=primary&subject=mathematics&population=students,WorldMap,,3bbd4fd925050ab9a04c410c0d444170,learning-outcomes?sex=male&level=primary&subject=mathematics&population=students_v0_850x600.svg,3,73,352316656,9203
learning-outcomes?sex=male&level=primary&subject=reading&population=all_children,WorldMap,,d7a5b797b6474f2d05aef3d79812ab8b,learning-outcomes?sex=male&level=primary&subject=reading&population=all_children_v0_850x600.svg,3,43,333075648,7665
learning-outcomes?sex=male&level=primary&subject=reading&population=population_side_by_side,LineChart,,2e6e937872c8ddf4a68fbd12fae1ed55,learning-outcomes?sex=male&level=primary&subject=reading&population=population_side_by_side_v0_850x600.svg,3,50,347698000,16343
learning-outcomes?sex=male&level=primary&subject=reading&population=students,WorldMap,,41f5dc23733b0aaaa4dc3d22722818e1,learning-outcomes?sex=male&level=primary&subject=reading&population=students_v0_850x600.svg,2,45,361892464,8678
learning-outcomes?sex=male&level=primary&subject=subject_side_by_side&population=all_children,LineChart,,36ecb9cb810b2ee818991d539caf5607,learning-outcomes?sex=male&level=primary&subject=subject_side_by_side&population=all_children_v0_850x600.svg,2,38,219461424,15717
learning-outcomes?sex=male&level=primary&subject=subject_side_by_side&population=students,LineChart,,f8385b0e0c52c3b3ab7e84f1a8813a16,learning-outcomes?sex=male&level=primary&subject=subject_side_by_side&population=students_v0_850x600.svg,20,65,200092992,17881
learning-outcomes?sex=sex_side_by_side&level=lower_secondary&subject=mathematics&population=all_children,LineChart,,adf5643ecc35988a41ce2fc8786509c9,learning-outcomes?sex=sex_side_by_side&level=lower_secondary&subject=mathematics&population=all_children_v0_850x600.svg,2,49,178122072,27917
learning-outcomes?sex=sex_side_by_side&level=lower_secondary&subject=mathematics&population=students,LineChart,,5b160a84ef22fd31f8ae5bb706c32239,learning-outcomes?sex=sex_side_by_side&level=lower_secondary&subject=mathematics&population=students_v0_850x600.svg,5,85,338602456,29955
learning-outcomes?sex=sex_side_by_side&level=lower_secondary&subject=reading&population=all_children,LineChart,,292181d6bcfaf9fef0036aa15a762873,learning-outcomes?sex=sex_side_by_side&level=lower_secondary&subject=reading&population=all_children_v0_850x600.svg,7,39,194723368,26611
learning-outcomes?sex=sex_side_by_side&level=lower_secondary&subject=reading&population=students,LineChart,,780c271f41f60454218b5595e65562a8,learning-outcomes?sex=sex_side_by_side&level=lower_secondary&subject=reading&population=students_v0_850x600.svg,5,88,384100072,27288
learning-outcomes?sex=sex_side_by_side&level=primary&subject=mathematics&population=all_children,LineChart,,aea8c8bcb6d5f04e71765089832a1b87,learning-outcomes?sex=sex_side_by_side&level=primary&subject=mathematics&population=all_children_v0_850x600.svg,3,51,282027320,16093
learning-outcomes?sex=sex_side_by_side&level=primary&subject=mathematics&population=students,LineChart,,f13a000a3cb7d7244b9d7add1a7bd8ef,learning-outcomes?sex=sex_side_by_side&level=primary&subject=mathematics&population=students_v0_850x600.svg,3,43,230803872,18417
learning-outcomes?sex=sex_side_by_side&level=primary&subject=reading&population=all_children,LineChart,,f64feb32fb76e185044b2b95a36a6894,learning-outcomes?sex=sex_side_by_side&level=primary&subject=reading&population=all_children_v0_850x600.svg,4,50,360610344,15319
learning-outcomes?sex=sex_side_by_side&level=primary&subject=reading&population=students,LineChart,,ddf82b5d650d31f4bf9b4a2a48a28e99,learning-outcomes?sex=sex_side_by_side&level=primary&subject=reading&population=students_v0_850x600.svg,3,73,356529152,17359
literacy?sex=both&age_group=adult,WorldMap,,3b929a3d21acf8b7bf032395aa891519,literacy?sex=both&age_group=adult_v0_850x600.svg,2,35,193174304,52922
literacy?sex=both&age_group=age_side_by_side,LineChart,,872b2a410add345764b88ed0c9f02f24,literacy?sex=both&age_group=age_side_by_side_v0_850x600.svg,4,66,208321520,166739
literacy?sex=both&age_group=elderly,WorldMap,,47effa9fa361e8feaeaf55e9e313686b,literacy?sex=both&age_group=elderly_v0_850x600.svg,2,43,220807008,54627
literacy?sex=both&age_group=youth,WorldMap,,bcc4e362a6261eaa2e5d43dfc134bdf2,literacy?sex=both&age_group=youth_v0_850x600.svg,2,57,356242392,59190
literacy?sex=female&age_group=adult,WorldMap,,91054ff7def99533a5e5c48aaef872a3,literacy?sex=female&age_group=adult_v0_850x600.svg,8,42,175257520,53278
literacy?sex=female&age_group=age_side_by_side,LineChart,,24b1a9ccb467d6f76428f10bf8d16538,literacy?sex=female&age_group=age_side_by_side_v0_850x600.svg,6,47,246190960,169689
literacy?sex=female&age_group=elderly,WorldMap,,270f211a8256546f03b313122590647b,literacy?sex=female&age_group=elderly_v0_850x600.svg,3,52,378761576,54956
literacy?sex=female&age_group=youth,WorldMap,,6e378e5465c22c80a6a991b9493d86cb,literacy?sex=female&age_group=youth_v0_850x600.svg,2,53,351167976,61455
literacy?sex=male&age_group=adult,WorldMap,,2286f335296a819c2edb1fc497ef2aec,literacy?sex=male&age_group=adult_v0_850x600.svg,3,36,291060080,52656
literacy?sex=male&age_group=age_side_by_side,LineChart,,ebd8d7026a903143bc5df139ca54c6db,literacy?sex=male&age_group=age_side_by_side_v0_850x600.svg,9,90,378479376,166451
literacy?sex=male&age_group=elderly,WorldMap,,28d82770af0fbd1d240d63864aa1e178,literacy?sex=male&age_group=elderly_v0_850x600.svg,1,18,223119112,54635
literacy?sex=male&age_group=youth,WorldMap,,728f88e8782d2d7cbef234bfa7a602fb,literacy?sex=male&age_group=youth_v0_850x600.svg,5,154,173520104,59160
literacy?sex=sex_side_by_side&age_group=adult,LineChart,,04243255785c547255746d208404f113,literacy?sex=sex_side_by_side&age_group=adult_v0_850x600.svg,4,32,257450000,105934
literacy?sex=sex_side_by_side&age_group=elderly,LineChart,,bc0dd6a31ecd7401a2188bc4276bd3a2,literacy?sex=sex_side_by_side&age_group=elderly_v0_850x600.svg,5,27,180336216,109591
literacy?sex=sex_side_by_side&age_group=youth,LineChart,,c37d78ab617618cb4f977eaf6a3a9897,literacy?sex=sex_side_by_side&age_group=youth_v0_850x600.svg,14,134,167635032,120615
qualified-and-trained-teachers?level=level_side_by_side&teacher_type=qualified,LineChart,,7ccfa9ecb264500bf2261e6be682a2b7,qualified-and-trained-teachers?level=level_side_by_side&teacher_type=qualified_v0_850x600.svg,7,68,207844192,117430
qualified-and-trained-teachers?level=level_side_by_side&teacher_type=trained,LineChart,,d0cadb44407fc538230ae9122bfaa4b7,qualified-and-trained-teachers?level=level_side_by_side&teacher_type=trained_v0_850x600.svg,26,91,231594480,177729
qualified-and-trained-teachers?level=lower_secondary&teacher_type=qualified,WorldMap,,85c13b386be61997393cca496d0f3929,qualified-and-trained-teachers?level=lower_secondary&teacher_type=qualified_v0_850x600.svg,1,18,196142800,24109
qualified-and-trained-teachers?level=lower_secondary&teacher_type=teacher_type_side_by_side,LineChart,,d16a74d9b95ca05e1703b5b7b4439bdc,qualified-and-trained-teachers?level=lower_secondary&teacher_type=teacher_type_side_by_side_v0_850x600.svg,6,31,270115792,58147
qualified-and-trained-teachers?level=lower_secondary&teacher_type=trained,WorldMap,,0b5f77565fdc44c636fa2efa9f6e4c2f,qualified-and-trained-teachers?level=lower_secondary&teacher_type=trained_v0_850x600.svg,2,66,377271152,34038
qualified-and-trained-teachers?level=pre_primary&teacher_type=qualified,WorldMap,,cb10de81624cfb1e6bba371a656dabae,qualified-and-trained-teachers?level=pre_primary&teacher_type=qualified_v0_850x600.svg,3,42,236371864,30576
qualified-and-trained-teachers?level=pre_primary&teacher_type=teacher_type_side_by_side,LineChart,,90356ca6b934e13dfe99a7dab777117b,qualified-and-trained-teachers?level=pre_primary&teacher_type=teacher_type_side_by_side_v0_850x600.svg,14,46,186250800,76775
qualified-and-trained-teachers?level=pre_primary&teacher_type=trained,WorldMap,,e9a3142894f3c2676b71a30ea2bef6de,qualified-and-trained-teachers?level=pre_primary&teacher_type=trained_v0_850x600.svg,3,68,180790064,46199
qualified-and-trained-teachers?level=primary&teacher_type=qualified,WorldMap,,ab73271c8cbe585d1c6541dc98373d34,qualified-and-trained-teachers?level=primary&teacher_type=qualified_v0_850x600.svg,2,49,395803120,40616
qualified-and-trained-teachers?level=primary&teacher_type=teacher_type_side_by_side,LineChart,,6f223762475f3fcf411c305ed542fc7a,qualified-and-trained-teachers?level=primary&teacher_type=teacher_type_side_by_side_v0_850x600.svg,6,44,215255672,107339
qualified-and-trained-teachers?level=primary&teacher_type=trained,WorldMap,,aff72f32d1ec11946ed21e732d0507a3,qualified-and-trained-teachers?level=primary&teacher_type=trained_v0_850x600.svg,2,48,310921352,66723
qualified-and-trained-teachers?level=upper_secondary&teacher_type=qualified,WorldMap,,8605a671457977af360ffb9550b3330d,qualified-and-trained-teachers?level=upper_secondary&teacher_type=qualified_v0_850x600.svg,3,35,215438800,22129
qualified-and-trained-teachers?level=upper_secondary&teacher_type=teacher_type_side_by_side,LineChart,,57c1498619e5e1fdac08b2d3bf64e312,qualified-and-trained-teachers?level=upper_secondary&teacher_type=teacher_type_side_by_side_v0_850x600.svg,3,35,272337624,52898
qualified-and-trained-teachers?level=upper_secondary&teacher_type=trained,WorldMap,,60ba70b636ebcbf7075c776702a7edef,qualified-and-trained-teachers?level=upper_secondary&teacher_type=trained_v0_850x600.svg,5,32,243210824,30769
religious-composition?religion=any_religion&indicator=count_unrounded,WorldMap,,fb3d47fce8eb67e4a55efde866cb3784,religious-composition?religion=any_religion&indicator=count_unrounded_v0_850x600.svg,2,42,373966472,13760
religious-composition?religion=any_religion&indicator=share,WorldMap,,77d42e57027cb33293191179ed6f6ac2,religious-composition?religion=any_religion&indicator=share_v0_850x600.svg,2,32,199681936,14072
religious-composition?religion=buddhists&indicator=count_unrounded,WorldMap,,fb1753124c49387dc63151fb1661eb49,religious-composition?religion=buddhists&indicator=count_unrounded_v0_850x600.svg,6,44,224803224,12257
religious-composition?religion=buddhists&indicator=share,WorldMap,,87c31ddd20fd8c40d1ea1c564c474ea0,religious-composition?religion=buddhists&indicator=share_v0_850x600.svg,2,45,242726192,14315
religious-composition?religion=christians&indicator=count_unrounded,WorldMap,,9d8cabaddf4001a9f2241118cae21950,religious-composition?religion=christians&indicator=count_unrounded_v0_850x600.svg,1,20,288444584,13514
religious-composition?religion=christians&indicator=share,WorldMap,,576f755452d29d5a33762ec87796ef68,religious-composition?religion=christians&indicator=share_v0_850x600.svg,1,52,173439952,14200
religious-composition?religion=hindus&indicator=count_unrounded,WorldMap,,39d939cc8ba2ed7543095ed182fb23c5,religious-composition?religion=hindus&indicator=count_unrounded_v0_850x600.svg,2,41,169566104,12240
religious-composition?religion=hindus&indicator=share,WorldMap,,0ce4959d367499232dfd476d940bafbd,religious-composition?religion=hindus&indicator=share_v0_850x600.svg,3,27,231003360,14308
religious-composition?religion=jews&indicator=count_unrounded,WorldMap,,f7f487e8047fdd81878bcd4430f5def8,religious-composition?religion=jews&indicator=count_unrounded_v0_850x600.svg,2,49,177818448,11930
religious-composition?religion=jews&indicator=share,WorldMap,,cdb2bfb74f908ff03a3b031583f77062,religious-composition?religion=jews&indicator=share_v0_850x600.svg,2,46,324669392,14179
religious-composition?religion=muslims&indicator=count_unrounded,WorldMap,,731a22f27b08389ee73d24a9e70d0360,religious-composition?religion=muslims&indicator=count_unrounded_v0_850x600.svg,1,52,418318360,13080
religious-composition?religion=muslims&indicator=share,WorldMap,,778c2426170e8303e8e7a7bb993d2b81,religious-composition?religion=muslims&indicator=share_v0_850x600.svg,4,33,259524320,14488
religious-composition?religion=other_religions&indicator=count_unrounded,WorldMap,,f0900cfc095ddb0f20b4dd7aa339da5c,religious-composition?religion=other_religions&indicator=count_unrounded_v0_850x600.svg,1,14,304231752,12828
religious-composition?religion=other_religions&indicator=share,WorldMap,,7106220e305d54d2e9138f400ab83fb5,religious-composition?religion=other_religions&indicator=share_v0_850x600.svg,2,20,209038200,14523
religious-composition?religion=religion_distrib&indicator=count_unrounded,StackedDiscreteBar,,3a77f906e9cead0e0fde615c59188462,religious-composition?religion=religion_distrib&indicator=count_unrounded_v0_850x600.svg,7,33,392562360,88881
religious-composition?religion=religion_distrib&indicator=share,StackedDiscreteBar,,d338e1d7d274f083b2551c4923e99171,religious-composition?religion=religion_distrib&indicator=share_v0_850x600.svg,8,34,237265000,100456
religious-composition?religion=religiously_unaffiliated&indicator=count_unrounded,WorldMap,,50421d643bd3b36ad2c88150d20a6216,religious-composition?religion=religiously_unaffiliated&indicator=count_unrounded_v0_850x600.svg,1,23,256550984,13032
religious-composition?religion=religiously_unaffiliated&indicator=share,WorldMap,,7cd8182ebb1ae5768114cf4c4be87d0f,religious-composition?religion=religiously_unaffiliated&indicator=share_v0_850x600.svg,2,34,195873848,14443
school-completion?sex=both&level=level_side_by_side,LineChart,,0af4b22e032dc40457378ef2886919ea,school-completion?sex=both&level=level_side_by_side_v0_850x600.svg,25,86,249281384,487267
school-completion?sex=both&level=lower_secondary,WorldMap,,5eeab59cdb1a32736a44e800d17902eb,school-completion?sex=both&level=lower_secondary_v0_850x600.svg,2,86,194935984,162128
school-completion?sex=both&level=primary,WorldMap,,9805d4ebd6515119a510594309b132ca,school-completion?sex=both&level=primary_v0_850x600.svg,3,68,199741736,163520
school-completion?sex=both&level=upper_secondary,WorldMap,,0c4bc784679dacf4053062cd97d13a6e,school-completion?sex=both&level=upper_secondary_v0_850x600.svg,3,62,223953976,161619
school-completion?sex=boys&level=level_side_by_side,LineChart,,4470fd5c2b29355740b452b6ccfdb171,school-completion?sex=boys&level=level_side_by_side_v0_850x600.svg,23,64,321474736,487745
school-completion?sex=boys&level=lower_secondary,WorldMap,,2e51e8c176d63e969913b8d5d1f42586,school-completion?sex=boys&level=lower_secondary_v0_850x600.svg,2,72,254006840,162379
school-completion?sex=boys&level=primary,WorldMap,,6892c3a64f2614da82d1a6f7b0791f6d,school-completion?sex=boys&level=primary_v0_850x600.svg,4,73,344342584,163489
school-completion?sex=boys&level=upper_secondary,WorldMap,,ae93b34c34b0938f5bb2c0da9f48618d,school-completion?sex=boys&level=upper_secondary_v0_850x600.svg,1,48,276800736,161877
school-completion?sex=girls&level=level_side_by_side,LineChart,,4e5ba176e68a218bb98999af35fbd46b,school-completion?sex=girls&level=level_side_by_side_v0_850x600.svg,34,88,278733528,486692
school-completion?sex=girls&level=lower_secondary,WorldMap,,dcf154f525da669fa49e72a054072fce,school-completion?sex=girls&level=lower_secondary_v0_850x600.svg,2,77,179559104,161891
school-completion?sex=girls&level=primary,WorldMap,,522aff0f2d84cd8fb00504007d1bbb59,school-completion?sex=girls&level=primary_v0_850x600.svg,1,55,204906160,163401
school-completion?sex=girls&level=upper_secondary,WorldMap,,e6eef15159b20ce1e32d3ceab5b53305,school-completion?sex=girls&level=upper_secondary_v0_850x600.svg,4,25,263221872,161400
school-completion?sex=sex_side_by_side&level=lower_secondary,LineChart,,2168ccb13e5b17de4ea66efb07f083d0,school-completion?sex=sex_side_by_side&level=lower_secondary_v0_850x600.svg,45,102,422977168,324270
school-completion?sex=sex_side_by_side&level=primary,LineChart,,49f6f06cde8edf656756ccdcaf309d5c,school-completion?sex=sex_side_by_side&level=primary_v0_850x600.svg,25,76,214674608,326890
school-completion?sex=sex_side_by_side&level=upper_secondary,LineChart,,831d1f5613e6c473aa10c1eaee210c3e,school-completion?sex=sex_side_by_side&level=upper_secondary_v0_850x600.svg,25,71,335549680,323277
school-enrolment?sex=both&level=level_side_by_side&enrolment_type=gross_enrolment,LineChart,,958957a959aa6cf7efbec3f1ca5ff91e,school-enrolment?sex=both&level=level_side_by_side&enrolment_type=gross_enrolment_v0_850x600.svg,120,160,229362512,1122220
school-enrolment?sex=both&level=level_side_by_side&enrolment_type=net_enrolment,LineChart,,31f28ceaaf3d53f610f571b25df342ee,school-enrolment?sex=both&level=level_side_by_side&enrolment_type=net_enrolment_v0_850x600.svg,39,115,185058824,566482
school-enrolment?sex=both&level=lower_secondary&enrolment_type=enrolment_type_side_by_side,LineChart,,472970ac297b6e891407ef029c4b9bbe,school-enrolment?sex=both&level=lower_secondary&enrolment_type=enrolment_type_side_by_side_v0_850x600.svg,10,52,296401520,294177
school-enrolment?sex=both&level=lower_secondary&enrolment_type=gross_enrolment,WorldMap,,1d6388abe2e9a97a9e2e3ea637443d31,school-enrolment?sex=both&level=lower_secondary&enrolment_type=gross_enrolment_v0_850x600.svg,2,35,245706464,164158
school-enrolment?sex=both&level=lower_secondary&enrolment_type=net_enrolment,WorldMap,,0bc56180b4fb5e34a22de085a1e9028a,school-enrolment?sex=both&level=lower_secondary&enrolment_type=net_enrolment_v0_850x600.svg,3,52,268859440,130019
school-enrolment?sex=both&level=preprimary&enrolment_type=enrolment_type_side_by_side,LineChart,,7bcc41f51f8f84f997dc14b3b2aa3c6d,school-enrolment?sex=both&level=preprimary&enrolment_type=enrolment_type_side_by_side_v0_850x600.svg,35,82,291756216,328990
school-enrolment?sex=both&level=preprimary&enrolment_type=gross_enrolment,WorldMap,,dfa08b73d1a77d058240b3e92ed701cb,school-enrolment?sex=both&level=preprimary&enrolment_type=gross_enrolment_v0_850x600.svg,1,64,361596584,220265
school-enrolment?sex=both&level=preprimary&enrolment_type=net_enrolment,WorldMap,,ccde567b30387be17f39ee0ed5258255,school-enrolment?sex=both&level=preprimary&enrolment_type=net_enrolment_v0_850x600.svg,2,56,229472232,108725
school-enrolment?sex=both&level=primary&enrolment_type=enrolment_type_side_by_side,LineChart,,2c3404ebc5cc8671730ae6f03e79fa84,school-enrolment?sex=both&level=primary&enrolment_type=enrolment_type_side_by_side_v0_850x600.svg,25,74,281280152,538039
school-enrolment?sex=both&level=primary&enrolment_type=gross_enrolment,WorldMap,,f536944d9f622f140f87a87d0b7d422a,school-enrolment?sex=both&level=primary&enrolment_type=gross_enrolment_v0_850x600.svg,3,59,347384712,329770
school-enrolment?sex=both&level=primary&enrolment_type=net_enrolment,WorldMap,,804fff57ad45d1e86ff240e0d910cf84,school-enrolment?sex=both&level=primary&enrolment_type=net_enrolment_v0_850x600.svg,2,94,173415944,208269
school-enrolment?sex=both&level=upper_secondary&enrolment_type=enrolment_type_side_by_side,LineChart,,58a7842c437c135404ecdaa11694dbbd,school-enrolment?sex=both&level=upper_secondary&enrolment_type=enrolment_type_side_by_side_v0_850x600.svg,12,80,305072072,273155
school-enrolment?sex=both&level=upper_secondary&enrolment_type=gross_enrolment,WorldMap,,e08a41da64d77f59e5f4f8d9ebbcaf22,school-enrolment?sex=both&level=upper_secondary&enrolment_type=gross_enrolment_v0_850x600.svg,4,71,223335664,153686
school-enrolment?sex=both&level=upper_secondary&enrolment_type=net_enrolment,WorldMap,,f1f59ec0c2eb1998b48c5111d58b70f6,school-enrolment?sex=both&level=upper_secondary&enrolment_type=net_enrolment_v0_850x600.svg,4,40,305475472,119469
school-enrolment?sex=boys&level=level_side_by_side&enrolment_type=gross_enrolment,LineChart,,7dc82352bfbe68f24aac0c84f93dc086,school-enrolment?sex=boys&level=level_side_by_side&enrolment_type=gross_enrolment_v0_850x600.svg,103,158,276048408,1041274
school-enrolment?sex=boys&level=level_side_by_side&enrolment_type=net_enrolment,LineChart,,ae5496d7cc234e1c599976cc99fe6ac2,school-enrolment?sex=boys&level=level_side_by_side&enrolment_type=net_enrolment_v0_850x600.svg,33,82,295537264,487204
school-enrolment?sex=boys&level=lower_secondary&enrolment_type=enrolment_type_side_by_side,LineChart,,0c4d5e15d0025653925f4d1048601129,school-enrolment?sex=boys&level=lower_secondary&enrolment_type=enrolment_type_side_by_side_v0_850x600.svg,24,72,239594616,267859
school-enrolment?sex=boys&level=lower_secondary&enrolment_type=gross_enrolment,WorldMap,,bfbdbd30868fe27b836275968743e75b,school-enrolment?sex=boys&level=lower_secondary&enrolment_type=gross_enrolment_v0_850x600.svg,4,51,286464168,161698
school-enrolment?sex=boys&level=lower_secondary&enrolment_type=net_enrolment,WorldMap,,d0b6e11ec63a3fad11bfa5bb9b66bb04,school-enrolment?sex=boys&level=lower_secondary&enrolment_type=net_enrolment_v0_850x600.svg,1,33,315242136,106161
school-enrolment?sex=boys&level=preprimary&enrolment_type=enrolment_type_side_by_side,LineChart,,8a8d52ca6cd3c7ec9246520ba1e84063,school-enrolment?sex=boys&level=preprimary&enrolment_type=enrolment_type_side_by_side_v0_850x600.svg,13,50,196413112,300410
school-enrolment?sex=boys&level=preprimary&enrolment_type=gross_enrolment,WorldMap,,937822c4c83ad56b311f3d48a5ebe9ad,school-enrolment?sex=boys&level=preprimary&enrolment_type=gross_enrolment_v0_850x600.svg,3,47,366694368,194560
school-enrolment?sex=boys&level=preprimary&enrolment_type=net_enrolment,WorldMap,,0a85dd057cb7306738b33d79d96d0820,school-enrolment?sex=boys&level=preprimary&enrolment_type=net_enrolment_v0_850x600.svg,2,25,238643752,105850
school-enrolment?sex=boys&level=primary&enrolment_type=enrolment_type_side_by_side,LineChart,,9ab37105bfa9d6e15e67e29597023d76,school-enrolment?sex=boys&level=primary&enrolment_type=enrolment_type_side_by_side_v0_850x600.svg,24,104,190501880,473758
school-enrolment?sex=boys&level=primary&enrolment_type=gross_enrolment,WorldMap,,df991fa11be03f532ac190fe4d23651a,school-enrolment?sex=boys&level=primary&enrolment_type=gross_enrolment_v0_850x600.svg,2,82,372768784,310204
school-enrolment?sex=boys&level=primary&enrolment_type=net_enrolment,WorldMap,,72ee0319f2720245a1bacc309a490120,school-enrolment?sex=boys&level=primary&enrolment_type=net_enrolment_v0_850x600.svg,2,78,238328424,163554
school-enrolment?sex=boys&level=upper_secondary&enrolment_type=enrolment_type_side_by_side,LineChart,,2864166291a9666a62a6be18dedc5ed4,school-enrolment?sex=boys&level=upper_secondary&enrolment_type=enrolment_type_side_by_side_v0_850x600.svg,17,88,258032224,261877
school-enrolment?sex=boys&level=upper_secondary&enrolment_type=gross_enrolment,WorldMap,,3c6b0473cbaf718f109d4324f12550c5,school-enrolment?sex=boys&level=upper_secondary&enrolment_type=gross_enrolment_v0_850x600.svg,3,52,320629648,150238
school-enrolment?sex=boys&level=upper_secondary&enrolment_type=net_enrolment,WorldMap,,35eaf1c21dcf26800237cb7911fa3e0b,school-enrolment?sex=boys&level=upper_secondary&enrolment_type=net_enrolment_v0_850x600.svg,2,23,302801200,111639
school-enrolment?sex=girls&level=level_side_by_side&enrolment_type=gross_enrolment,LineChart,,c78e721556e92a7da549722d4ad9766a,school-enrolment?sex=girls&level=level_side_by_side&enrolment_type=gross_enrolment_v0_850x600.svg,61,133,345610424,1040766
school-enrolment?sex=girls&level=level_side_by_side&enrolment_type=net_enrolment,LineChart,,5a899065a8d0b034f8059e3820fcf88a,school-enrolment?sex=girls&level=level_side_by_side&enrolment_type=net_enrolment_v0_850x600.svg,38,81,304527992,487635
school-enrolment?sex=girls&level=lower_secondary&enrolment_type=enrolment_type_side_by_side,LineChart,,567bda1e78c8aaf39b32b194937f471a,school-enrolment?sex=girls&level=lower_secondary&enrolment_type=enrolment_type_side_by_side_v0_850x600.svg,26,65,256465544,268258
school-enrolment?sex=girls&level=lower_secondary&enrolment_type=gross_enrolment,WorldMap,,fb215457b8f85706f6d65f9c2b51321a,school-enrolment?sex=girls&level=lower_secondary&enrolment_type=gross_enrolment_v0_850x600.svg,4,58,383188688,161788
school-enrolment?sex=girls&level=lower_secondary&enrolment_type=net_enrolment,WorldMap,,e04e21ffef94d50462f3b6487e7ad74f,school-enrolment?sex=girls&level=lower_secondary&enrolment_type=net_enrolment_v0_850x600.svg,4,34,289157800,106470
school-enrolment?sex=girls&level=preprimary&enrolment_type=enrolment_type_side_by_side,LineChart,,e53d66cac611e32d386f610534edc9b5,school-enrolment?sex=girls&level=preprimary&enrolment_type=enrolment_type_side_by_side_v0_850x600.svg,16,99,202103944,300542
school-enrolment?sex=girls&level=preprimary&enrolment_type=gross_enrolment,WorldMap,,d00bc04eeb516568bccb6b4057dfae6e,school-enrolment?sex=girls&level=preprimary&enrolment_type=gross_enrolment_v0_850x600.svg,5,45,189749568,194531
school-enrolment?sex=girls&level=preprimary&enrolment_type=net_enrolment,WorldMap,,bc8cba4560d4db85ce286244b5388232,school-enrolment?sex=girls&level=preprimary&enrolment_type=net_enrolment_v0_850x600.svg,2,30,199625272,106011
school-enrolment?sex=girls&level=primary&enrolment_type=enrolment_type_side_by_side,LineChart,,bb1a33a5452bd4e6221d3ab50a3f0c8d,school-enrolment?sex=girls&level=primary&enrolment_type=enrolment_type_side_by_side_v0_850x600.svg,32,94,262794600,473055
school-enrolment?sex=girls&level=primary&enrolment_type=gross_enrolment,WorldMap,,3f15bb5ad983564c447d95d5b3eb5645,school-enrolment?sex=girls&level=primary&enrolment_type=gross_enrolment_v0_850x600.svg,6,79,270331408,309504
school-enrolment?sex=girls&level=primary&enrolment_type=net_enrolment,WorldMap,,291863c415cf707e55af7126b1e04615,school-enrolment?sex=girls&level=primary&enrolment_type=net_enrolment_v0_850x600.svg,3,46,318453392,163551
school-enrolment?sex=girls&level=upper_secondary&enrolment_type=enrolment_type_side_by_side,LineChart,,c1bb6a4a31d3c1191bcea8d9930af0c1,school-enrolment?sex=girls&level=upper_secondary&enrolment_type=enrolment_type_side_by_side_v0_850x600.svg,15,97,393828560,262134
school-enrolment?sex=girls&level=upper_secondary&enrolment_type=gross_enrolment,WorldMap,,72e5a05564f5b158d82cf12415649a60,school-enrolment?sex=girls&level=upper_secondary&enrolment_type=gross_enrolment_v0_850x600.svg,3,43,336516704,150531
school-enrolment?sex=girls&level=upper_secondary&enrolment_type=net_enrolment,WorldMap,,33fc34fd9a8bccc349e7a7998d09cef3,school-enrolment?sex=girls&level=upper_secondary&enrolment_type=net_enrolment_v0_850x600.svg,3,56,319175792,111603
school-enrolment?sex=sex_side_by_side&level=lower_secondary&enrolment_type=gross_enrolment,LineChart,,a75514b3093d88e8813072a4a147d3e5,school-enrolment?sex=sex_side_by_side&level=lower_secondary&enrolment_type=gross_enrolment_v0_850x600.svg,14,53,267539168,323486
school-enrolment?sex=sex_side_by_side&level=lower_secondary&enrolment_type=net_enrolment,LineChart,,76d75a744e17f2baf66556bbd8494cd3,school-enrolment?sex=sex_side_by_side&level=lower_secondary&enrolment_type=net_enrolment_v0_850x600.svg,7,31,353555472,212631
school-enrolment?sex=sex_side_by_side&level=preprimary&enrolment_type=gross_enrolment,LineChart,,67a44a590bd87ef4b652ff778a0108ac,school-enrolment?sex=sex_side_by_side&level=preprimary&enrolment_type=gross_enrolment_v0_850x600.svg,19,63,298376832,389091
school-enrolment?sex=sex_side_by_side&level=preprimary&enrolment_type=net_enrolment,LineChart,,d3730dbe918c6f763cd89ae9b66c1da5,school-enrolment?sex=sex_side_by_side&level=preprimary&enrolment_type=net_enrolment_v0_850x600.svg,10,46,219971848,211861
school-enrolment?sex=sex_side_by_side&level=primary&enrolment_type=gross_enrolment,LineChart,,b78cb5e175d028f9c2a3a57ca264c6cb,school-enrolment?sex=sex_side_by_side&level=primary&enrolment_type=gross_enrolment_v0_850x600.svg,44,114,217942432,619708
school-enrolment?sex=sex_side_by_side&level=primary&enrolment_type=net_enrolment,LineChart,,e56e8fa79f5e51cdc5b5f56ea13b85ea,school-enrolment?sex=sex_side_by_side&level=primary&enrolment_type=net_enrolment_v0_850x600.svg,11,41,404685392,327105
school-enrolment?sex=sex_side_by_side&level=upper_secondary&enrolment_type=gross_enrolment,LineChart,,4175434e10868a79b96ea581aab77b5e,school-enrolment?sex=sex_side_by_side&level=upper_secondary&enrolment_type=gross_enrolment_v0_850x600.svg,32,86,273917544,300769
school-enrolment?sex=sex_side_by_side&level=upper_secondary&enrolment_type=net_enrolment,LineChart,,392b52e7f118e80d2c018aa18b764b84,school-enrolment?sex=sex_side_by_side&level=upper_secondary&enrolment_type=net_enrolment_v0_850x600.svg,9,46,408256720,223242
vaccination-coverage-who-unicef?metric=coverage&antigen=bcg,LineChart,,dfc1af687c28ede1a89da454962c06f4,vaccination-coverage-who-unicef?metric=coverage&antigen=bcg_v0_850x600.svg,2,35,282178056,199284
vaccination-coverage-who-unicef?metric=coverage&antigen=comparison,LineChart,,b8c0f57356ff4c64ab1ccb21998ee9e8,vaccination-coverage-who-unicef?metric=coverage&antigen=comparison_v0_850x600.svg,198,259,353453064,1331612
vaccination-coverage-who-unicef?metric=coverage&antigen=dtpcv1,LineChart,,a3f3b84958e6367f24cb4fba4e02f6c0,vaccination-coverage-who-unicef?metric=coverage&antigen=dtpcv1_v0_850x600.svg,6,40,367591792,247129
vaccination-coverage-who-unicef?metric=coverage&antigen=dtpcv3,LineChart,,ec58426b61582401d7fe12183b01edc7,vaccination-coverage-who-unicef?metric=coverage&antigen=dtpcv3_v0_850x600.svg,3,27,217500032,247047
vaccination-coverage-who-unicef?metric=coverage&antigen=hepb3,LineChart,,1556fcb894e9fa1d4839db832f4b8d0d,vaccination-coverage-who-unicef?metric=coverage&antigen=hepb3_v0_850x600.svg,1,26,284988480,152659
vaccination-coverage-who-unicef?metric=coverage&antigen=hepb_bd,LineChart,,9abb5fc29359a6a4c825ca1c98a411be,vaccination-coverage-who-unicef?metric=coverage&antigen=hepb_bd_v0_850x600.svg,1,14,330313568,67635
vaccination-coverage-who-unicef?metric=coverage&antigen=hib3,LineChart,,00871631724a78c72ac54ca9876183ea,vaccination-coverage-who-unicef?metric=coverage&antigen=hib3_v0_850x600.svg,1,126,221316560,128809
vaccination-coverage-who-unicef?metric=coverage&antigen=ipv1,LineChart,,bef06a4682603114ce7018fb72bd9a89,vaccination-coverage-who-unicef?metric=coverage&antigen=ipv1_v0_850x600.svg,4,20,308931336,55399
vaccination-coverage-who-unicef?metric=coverage&antigen=ipv2,LineChart,,4a1b3f37161f00366254b42aa5d44376,vaccination-coverage-who-unicef?metric=coverage&antigen=ipv2_v0_850x600.svg,3,29,345076440,11058
vaccination-coverage-who-unicef?metric=coverage&antigen=mcv1,LineChart,,26476d634c7151ad288cbdb6b9eec761,vaccination-coverage-who-unicef?metric=coverage&antigen=mcv1_v0_850x600.svg,103,135,406947416,243685
vaccination-coverage-who-unicef?metric=coverage&antigen=mcv2,LineChart,,191945fd1aa7fe80cdea176a9bd12385,vaccination-coverage-who-unicef?metric=coverage&antigen=mcv2_v0_850x600.svg,2,122,372604800,104018
vaccination-coverage-who-unicef?metric=coverage&antigen=pcv3,LineChart,,f7b3bf20a29237c3c455fe8139e16fe9,vaccination-coverage-who-unicef?metric=coverage&antigen=pcv3_v0_850x600.svg,107,123,289885520,61175
vaccination-coverage-who-unicef?metric=coverage&antigen=pol3,LineChart,,667a2647c39226143bcae34c54706848,vaccination-coverage-who-unicef?metric=coverage&antigen=pol3_v0_850x600.svg,2,122,215417328,247153
vaccination-coverage-who-unicef?metric=coverage&antigen=rcv1,LineChart,,086ada9e1b582f57b1f615910255f315,vaccination-coverage-who-unicef?metric=coverage&antigen=rcv1_v0_850x600.svg,2,123,278733856,148615
vaccination-coverage-who-unicef?metric=coverage&antigen=rotac,LineChart,,578139f3bcc319c8e9ba0f91d8c2a579,vaccination-coverage-who-unicef?metric=coverage&antigen=rotac_v0_850x600.svg,3,13,333505880,47070
vaccination-coverage-who-unicef?metric=unvaccinated&antigen=comparison,LineChart,,884aeff36517adb39f0c40da18ca15e9,vaccination-coverage-who-unicef?metric=unvaccinated&antigen=comparison_v0_850x600.svg,114,229,428376688,1386782
vaccination-coverage-who-unicef?metric=unvaccinated&antigen=dtpcv1,LineChart,,de5ba64bf8ac536363c75f92bcf76875,vaccination-coverage-who-unicef?metric=unvaccinated&antigen=dtpcv1_v0_850x600.svg,2,26,353304088,264813
vaccination-coverage-who-unicef?metric=unvaccinated&antigen=dtpcv3,LineChart,,edc5d081505f1771177a2d7f40db3a41,vaccination-coverage-who-unicef?metric=unvaccinated&antigen=dtpcv3_v0_850x600.svg,4,28,277436584,266281
vaccination-coverage-who-unicef?metric=unvaccinated&antigen=hepb3,LineChart,,06a0bcae49960ce14bd8b12ad2bcaadf,vaccination-coverage-who-unicef?metric=unvaccinated&antigen=hepb3_v0_850x600.svg,2,26,315305088,156082
vaccination-coverage-who-unicef?metric=unvaccinated&antigen=hepb_bd,LineChart,,a3896fb8748141d361a8984d93926a54,vaccination-coverage-who-unicef?metric=unvaccinated&antigen=hepb_bd_v0_850x600.svg,1,12,227393952,64293
vaccination-coverage-who-unicef?metric=unvaccinated&antigen=hib3,LineChart,,bc083613d4f18238fce156c669f8f5d9,vaccination-coverage-who-unicef?metric=unvaccinated&antigen=hib3_v0_850x600.svg,3,31,219505152,129904
vaccination-coverage-who-unicef?metric=unvaccinated&antigen=ipv1,LineChart,,a6c4ba6ba4610c29884aba71e55c553d,vaccination-coverage-who-unicef?metric=unvaccinated&antigen=ipv1_v0_850x600.svg,1,35,374778544,54605
vaccination-coverage-who-unicef?metric=unvaccinated&antigen=ipv2,LineChart,,a4411e7b0fc557b2d2c206f1a0df6ce5,vaccination-coverage-who-unicef?metric=unvaccinated&antigen=ipv2_v0_850x600.svg,2,19,347024856,8081
vaccination-coverage-who-unicef?metric=unvaccinated&antigen=mcv1,LineChart,,6e73808daf18fe8f612b4980fb626a1d,vaccination-coverage-who-unicef?metric=unvaccinated&antigen=mcv1_v0_850x600.svg,3,71,223152216,262689
vaccination-coverage-who-unicef?metric=unvaccinated&antigen=pcv3,LineChart,,770e2979c09a08ef954912749af4ccf9,vaccination-coverage-who-unicef?metric=unvaccinated&antigen=pcv3_v0_850x600.svg,2,24,423969040,59765
vaccination-coverage-who-unicef?metric=unvaccinated&antigen=pol3,LineChart,,77e2e23be35a979b79a9851aacaef19f,vaccination-coverage-who-unicef?metric=unvaccinated&antigen=pol3_v0_850x600.svg,2,27,297511384,266336
vaccination-coverage-who-unicef?metric=unvaccinated&antigen=rcv1,LineChart,,c8e6c1cc20a439f83b81425c61cbfb9c,vaccination-coverage-who-unicef?metric=unvaccinated&antigen=rcv1_v0_850x600.svg,3,18,288959184,147997
vaccination-coverage-who-unicef?metric=unvaccinated&antigen=rotac,LineChart,,62c26adea27ae233ba4788ca4d420852,vaccination-coverage-who-unicef?metric=unvaccinated&antigen=rotac_v0_850x600.svg,2,35,321166648,43123
vaccination-coverage-who-unicef?metric=vaccinated&antigen=comparison,LineChart,,0a3a67b653724ef0cfbcc301904bdcc2,vaccination-coverage-who-unicef?metric=vaccinated&antigen=comparison_v0_850x600.svg,104,220,310000192,1417148
vaccination-coverage-who-unicef?metric=vaccinated&antigen=dtpcv1,LineChart,,2409337ce8213deb90afa33e82fc2947,vaccination-coverage-who-unicef?metric=vaccinated&antigen=dtpcv1_v0_850x600.svg,3,27,353232904,272708
vaccination-coverage-who-unicef?metric=vaccinated&antigen=dtpcv3,LineChart,,b533583e95db5660653bc7319410348a,vaccination-coverage-who-unicef?metric=vaccinated&antigen=dtpcv3_v0_850x600.svg,3,27,420282536,272084
vaccination-coverage-who-unicef?metric=vaccinated&antigen=hepb3,LineChart,,7b180298c0e7d4509d352031bf5bc801,vaccination-coverage-who-unicef?metric=vaccinated&antigen=hepb3_v0_850x600.svg,2,15,236310560,159612
vaccination-coverage-who-unicef?metric=vaccinated&antigen=hepb_bd,LineChart,,2a7ff1b6d90be978fbadffd76ab1d7b3,vaccination-coverage-who-unicef?metric=vaccinated&antigen=hepb_bd_v0_850x600.svg,4,16,225073824,65966
vaccination-coverage-who-unicef?metric=vaccinated&antigen=hib3,LineChart,,ee1144f37008e6d5913711d1ee852302,vaccination-coverage-who-unicef?metric=vaccinated&antigen=hib3_v0_850x600.svg,1,23,378279224,133011
vaccination-coverage-who-unicef?metric=vaccinated&antigen=ipv1,LineChart,,b71f47d9223aa07ecf9d09b961ae2c53,vaccination-coverage-who-unicef?metric=vaccinated&antigen=ipv1_v0_850x600.svg,3,23,294230360,56047
vaccination-coverage-who-unicef?metric=vaccinated&antigen=ipv2,LineChart,,784519eaec8bbfda9a89827281599131,vaccination-coverage-who-unicef?metric=vaccinated&antigen=ipv2_v0_850x600.svg,1,11,298637776,8212
vaccination-coverage-who-unicef?metric=vaccinated&antigen=mcv1,LineChart,,ae21aad9d510a381b26d303657a843da,vaccination-coverage-who-unicef?metric=vaccinated&antigen=mcv1_v0_850x600.svg,1,23,318831104,267899
vaccination-coverage-who-unicef?metric=vaccinated&antigen=pcv3,LineChart,,ea06bc1d3982780f573944a6e7e04f65,vaccination-coverage-who-unicef?metric=vaccinated&antigen=pcv3_v0_850x600.svg,2,17,359378224,60766
vaccination-coverage-who-unicef?metric=vaccinated&antigen=pol3,LineChart,,0a298e878b2af7fa662c76c1950790fd,vaccination-coverage-who-unicef?metric=vaccinated&antigen=pol3_v0_850x600.svg,3,113,351666528,272145
vaccination-coverage-who-unicef?metric=vaccinated&antigen=rcv1,LineChart,,43816e7969f9e0541039b081469b94e6,vaccination-coverage-who-unicef?metric=vaccinated&antigen=rcv1_v0_850x600.svg,2,16,228655024,151904
vaccination-coverage-who-unicef?metric=vaccinated&antigen=rotac,LineChart,,517f092cd37dd09d97edb3aa33f7f7b3,vaccination-coverage-who-unicef?metric=vaccinated&antigen=rotac_v0_850x600.svg,4,15,227579184,43680
years-of-schooling?sex=both&level=all&metric_type=average_years_schooling,WorldMap,,469a1445e77ff95af2bbbd0b5f5dd604,years-of-schooling?sex=both&level=all&metric_type=average_years_schooling_v0_850x600.svg,5,37,251995328,216465
years-of-schooling?sex=both&level=all&metric_type=expected_years_schooling,WorldMap,,55c4acdeb9b5aaef0a47efec5676d589,years-of-schooling?sex=both&level=all&metric_type=expected_years_schooling_v0_850x600.svg,3,41,399665496,231871
years-of-schooling?sex=both&level=all&metric_type=learning_adjusted_years_schooling,WorldMap,,37509505dd1441381d6667f878f7f45c,years-of-schooling?sex=both&level=all&metric_type=learning_adjusted_years_schooling_v0_850x600.svg,1,16,305663336,19179
years-of-schooling?sex=both&level=all&metric_type=metric_type_side_by_side,LineChart,,f9e6960e7e0f2e9add413ec86b779c38,years-of-schooling?sex=both&level=all&metric_type=metric_type_side_by_side_v0_850x600.svg,26,166,374865776,467515
years-of-schooling?sex=both&level=level_side_by_side&metric_type=expected_years_schooling,StackedArea,,c4aaff9e75410e72c3f8ba50848ec8c5,years-of-schooling?sex=both&level=level_side_by_side&metric_type=expected_years_schooling_v0_850x600.svg,144,267,321598536,1094514
years-of-schooling?sex=both&level=preprimary&metric_type=expected_years_schooling,WorldMap,,a354ef8e2505c06c741039b19a014bf6,years-of-schooling?sex=both&level=preprimary&metric_type=expected_years_schooling_v0_850x600.svg,1,138,342010416,259808
years-of-schooling?sex=both&level=primary&metric_type=expected_years_schooling,WorldMap,,e092a779df9c8c64c46e0b8d138d47ea,years-of-schooling?sex=both&level=primary&metric_type=expected_years_schooling_v0_850x600.svg,2,127,250557472,321508
years-of-schooling?sex=both&level=secondary&metric_type=expected_years_schooling,WorldMap,,187e7bf001ade4880a4f2212319e8860,years-of-schooling?sex=both&level=secondary&metric_type=expected_years_schooling_v0_850x600.svg,3,156,372030768,272759
years-of-schooling?sex=both&level=tertiary&metric_type=expected_years_schooling,WorldMap,,a4b706f5e6e44117a91c66ffb747524b,years-of-schooling?sex=both&level=tertiary&metric_type=expected_years_schooling_v0_850x600.svg,3,36,434401024,240439
years-of-schooling?sex=boys&level=all&metric_type=average_years_schooling,WorldMap,,446ee36cdb3717a6b02b0159f3fdf0c4,years-of-schooling?sex=boys&level=all&metric_type=average_years_schooling_v0_850x600.svg,3,36,373321632,213378
years-of-schooling?sex=boys&level=all&metric_type=expected_years_schooling,WorldMap,,c5c5132963a57e36f2a4f60195989c7f,years-of-schooling?sex=boys&level=all&metric_type=expected_years_schooling_v0_850x600.svg,2,31,239602584,220238
years-of-schooling?sex=boys&level=all&metric_type=learning_adjusted_years_schooling,WorldMap,,d951e4c9298d8103f0243c706dc9ee8b,years-of-schooling?sex=boys&level=all&metric_type=learning_adjusted_years_schooling_v0_850x600.svg,1,31,320185184,16825
years-of-schooling?sex=boys&level=all&metric_type=metric_type_side_by_side,LineChart,,8ad5b750ffd76f35f58150317109bf3f,years-of-schooling?sex=boys&level=all&metric_type=metric_type_side_by_side_v0_850x600.svg,38,112,443400024,450441
years-of-schooling?sex=boys&level=level_side_by_side&metric_type=expected_years_schooling,StackedArea,,312e14ac47a524e5e5661063cebedfdc,years-of-schooling?sex=boys&level=level_side_by_side&metric_type=expected_years_schooling_v0_850x600.svg,73,198,276924552,993355
years-of-schooling?sex=boys&level=preprimary&metric_type=expected_years_schooling,WorldMap,,3f11c3bfc19be98420a184bba6a68901,years-of-schooling?sex=boys&level=preprimary&metric_type=expected_years_schooling_v0_850x600.svg,4,136,386538136,230275
years-of-schooling?sex=boys&level=primary&metric_type=expected_years_schooling,WorldMap,,e687dd20f7bff57209a5c69e393e80e1,years-of-schooling?sex=boys&level=primary&metric_type=expected_years_schooling_v0_850x600.svg,2,129,324734744,301695
years-of-schooling?sex=boys&level=secondary&metric_type=expected_years_schooling,WorldMap,,d708fa9e5a57b5bb62b03f4161c5317f,years-of-schooling?sex=boys&level=secondary&metric_type=expected_years_schooling_v0_850x600.svg,5,155,265457248,250666
years-of-schooling?sex=boys&level=tertiary&metric_type=expected_years_schooling,WorldMap,,d783d19d14268050b42fa1c92c049ed4,years-of-schooling?sex=boys&level=tertiary&metric_type=expected_years_schooling_v0_850x600.svg,3,86,413006952,210719
years-of-schooling?sex=girls&level=all&metric_type=average_years_schooling,WorldMap,,db97138434c9ddce23cee205da4aa66d,years-of-schooling?sex=girls&level=all&metric_type=average_years_schooling_v0_850x600.svg,2,110,385989032,213690
years-of-schooling?sex=girls&level=all&metric_type=expected_years_schooling,WorldMap,,43d32a042e08085e0b799f9558c4ed09,years-of-schooling?sex=girls&level=all&metric_type=expected_years_schooling_v0_850x600.svg,3,56,359283720,220021
years-of-schooling?sex=girls&level=all&metric_type=learning_adjusted_years_schooling,WorldMap,,83f3d6a4d2ddeee4dc8d6f0342c3ff3f,years-of-schooling?sex=girls&level=all&metric_type=learning_adjusted_years_schooling_v0_850x600.svg,4,17,391617528,16872
years-of-schooling?sex=girls&level=all&metric_type=metric_type_side_by_side,LineChart,,7c7be6c0ee84f63a32677ff466284313,years-of-schooling?sex=girls&level=all&metric_type=metric_type_side_by_side_v0_850x600.svg,11,68,249820592,450583
years-of-schooling?sex=girls&level=level_side_by_side&metric_type=expected_years_schooling,StackedArea,,35442693cb98f9f0e3a238a62fbfa36e,years-of-schooling?sex=girls&level=level_side_by_side&metric_type=expected_years_schooling_v0_850x600.svg,58,215,343187264,993767
years-of-schooling?sex=girls&level=preprimary&metric_type=expected_years_schooling,WorldMap,,b076ac61882cea4dc06bd7eef18b760b,years-of-schooling?sex=girls&level=preprimary&metric_type=expected_years_schooling_v0_850x600.svg,2,106,452635120,230303
years-of-schooling?sex=girls&level=primary&metric_type=expected_years_schooling,WorldMap,,48745193f11b1f33a6975be60fd8ee69,years-of-schooling?sex=girls&level=primary&metric_type=expected_years_schooling_v0_850x600.svg,2,48,340890928,301856
years-of-schooling?sex=girls&level=secondary&metric_type=expected_years_schooling,WorldMap,,5bb3267821c3173e9eda09224e9eb354,years-of-schooling?sex=girls&level=secondary&metric_type=expected_years_schooling_v0_850x600.svg,2,51,460484280,250888
years-of-schooling?sex=girls&level=tertiary&metric_type=expected_years_schooling,WorldMap,,79e72999857bc83586d6b66bae9c8526,years-of-schooling?sex=girls&level=tertiary&metric_type=expected_years_schooling_v0_850x600.svg,1,127,290682760,210720
years-of-schooling?sex=sex_side_by_side&level=all&metric_type=average_years_schooling,LineChart,,d10ec530fe930d27129d1d9a7dfec288,years-of-schooling?sex=sex_side_by_side&level=all&metric_type=average_years_schooling_v0_850x600.svg,27,134,347074928,427068
years-of-schooling?sex=sex_side_by_side&level=all&metric_type=expected_years_schooling,LineChart,,1e8eb25418648cf03b060363bec96ef7,years-of-schooling?sex=sex_side_by_side&level=all&metric_type=expected_years_schooling_v0_850x600.svg,27,177,271116704,440259
years-of-schooling?sex=sex_side_by_side&level=all&metric_type=learning_adjusted_years_schooling,LineChart,,aa694ee7539fa349d80338203fd17624,years-of-schooling?sex=sex_side_by_side&level=all&metric_type=learning_adjusted_years_schooling_v0_850x600.svg,60,87,280561536,33697
years-of-schooling?sex=sex_side_by_side&level=preprimary&metric_type=expected_years_schooling,LineChart,,d74de898723c4f420adbeeb703fe32c0,years-of-schooling?sex=sex_side_by_side&level=preprimary&metric_type=expected_years_schooling_v0_850x600.svg,27,127,395298960,460578
years-of-schooling?sex=sex_side_by_side&level=primary&metric_type=expected_years_schooling,LineChart,,e9ade05df47b40790721a0399be60771,years-of-schooling?sex=sex_side_by_side&level=primary&metric_type=expected_years_schooling_v0_850x600.svg,70,109,408033832,603551
years-of-schooling?sex=sex_side_by_side&level=secondary&metric_type=expected_years_schooling,LineChart,,349869392ddbc5cf8562b7cadb355635,years-of-schooling?sex=sex_side_by_side&level=secondary&metric_type=expected_years_schooling_v0_850x600.svg,65,103,406511920,501554
years-of-schooling?sex=sex_side_by_side&level=tertiary&metric_type=expected_years_schooling,LineChart,,4b71321903da14352a5b6ef7d9982907,years-of-schooling?sex=sex_side_by_side&level=tertiary&metric_type=expected_years_schooling_v0_850x600.svg,20,64,367545144,421439