country,year,consumption_spell_1,consumption_spell_2,consumption_spell_3,consumption_spell_4,consumption_spell_5,consumption_spell_6,consumption_spell_7,consumption_spell_8,income_spell_1,income_spell_2,income_spell_3,income_spell_4,income_spell_5,income_spell_6,income_spell_7,income_spell_8
Albania,1996,3161263,,,,,,,,,,,,,,,
Albania,2002,,3012616,,,,,,,,,,,,,,
Albania,2005,,2968376,,,,,,,,,,,,,,
Albania,2008,,2893258,,,,,,,,,,,,,,
Albania,2012,,2862423,,,,,,,,,,,,,,
Albania,2014,,,2819118,,,,,,,,,,,,,
Albania,2015,,,2743521,,,,,,,,,,,,,
Albania,2016,,,2717021,,,,,,,,,,2781112,,,
Albania,2017,,,2725551,,,,,,,,,,2780945,,,
Albania,2018,,,,2723095,,,,,,,,,2764121,,,
Albania,2019,,,,2680322,,,,,,,,,,,,
Albania,2020,,,,2671180,,,,,,,,,,,,
Algeria,1988,23694129,,,,,,,,,,,,,,,
Algeria,1995,,28110614,,,,,,,,,,,,,,
Algeria,2011,,,36415701,,,,,,,,,,,,,
Angola,2000,15780031,,,,,,,,,,,,,,,
Angola,2008,,21622346,,,,,,,,,,,,,,
Angola,2018,,,31039966,,,,,,,,,,,,,
Argentina (urban),1980,,,,,,,,,12879706,,,,,,,
Argentina (urban),1986,,,,,,,,,14221117,,,,,,,
Argentina (urban),1987,,,,,,,,,16060603,,,,,,,
Argentina (urban),1991,,,,,,,,,22361649,,,,,,,
Argentina (urban),1992,,,,,,,,,,22070918,,,,,,
Argentina (urban),1993,,,,,,,,,,22147408,,,,,,
Argentina (urban),1994,,,,,,,,,,22702131,,,,,,
Argentina (urban),1995,,,,,,,,,,24134124,,,,,,
Argentina (urban),1996,,,,,,,,,,24412248,,,,,,
Argentina (urban),1997,,,,,,,,,,24259257,,,,,,
Argentina (urban),1998,,,,,,,,,,,24915825,,,,,
Argentina (urban),1999,,,,,,,,,,,25648151,,,,,
Argentina (urban),2000,,,,,,,,,,,26144633,,,,,
Argentina (urban),2001,,,,,,,,,,,27255050,,,,,
Argentina (urban),2002,,,,,,,,,,,30297035,,,,,
Argentina (urban),2003,,,,,,,,,,,,28045592,,,,
Argentina (urban),2004,,,,,,,,,,,,27433483,,,,
Argentina (urban),2005,,,,,,,,,,,,26697755,,,,
Argentina (urban),2006,,,,,,,,,,,,25357753,,,,
Argentina (urban),2007,,,,,,,,,,,,25277823,,,,
Argentina (urban),2008,,,,,,,,,,,,25019039,,,,
Argentina (urban),2009,,,,,,,,,,,,24504089,,,,
Argentina (urban),2010,,,,,,,,,,,,24450876,,,,
Argentina (urban),2011,,,,,,,,,,,,23405815,,,,
Argentina (urban),2012,,,,,,,,,,,,23417112,,,,
Argentina (urban),2013,,,,,,,,,,,,23602535,,,,
Argentina (urban),2014,,,,,,,,,,,,25521848,,,,
Argentina (urban),2016,,,,,,,,,,,,25736894,,,,
Argentina (urban),2017,,,,,,,,,,,,24680766,,,,
Argentina (urban),2018,,,,,,,,,,,,27136238,,,,
Argentina (urban),2019,,,,,,,,,,,,28145682,,,,
Argentina (urban),2020,,,,,,,,,,,,30582828,,,,
Argentina (urban),2021,,,,,,,,,,,,29621960,,,,
Argentina (urban),2022,,,,,,,,,,,,30685263,,,,
Argentina (urban),2023,,,,,,,,,,,,30810778,,,,
Argentina (urban),2024,,,,,,,,,,,,30339750,,,,
Armenia,1996,,,,,,,,,3205226,,,,,,,
Armenia,1999,,3140564,,,,,,,,,,,,,,
Armenia,2001,,3196547,,,,,,,,,,,,,,
Armenia,2002,,3177426,,,,,,,,,,,,,,
Armenia,2003,,3157182,,,,,,,,,,,,,,
Armenia,2004,,3106282,,,,,,,,,,,,,,
Armenia,2005,,3081955,,,,,,,,,,,,,,
Armenia,2006,,3101654,,,,,,,,,,,,,,
Armenia,2007,,3070603,,,,,,,,,,,,,,
Armenia,2008,,3062281,,,,,,,,,,,,,,
Armenia,2009,,3049907,,,,,,,,,,,,,,
Armenia,2010,,3019657,,,,,,,,,,,,,,
Armenia,2011,,2997753,,,,,,,,,,,,,,
Armenia,2012,,2988782,,,,,,,,,,,,,,
Armenia,2013,,2995015,,,,,,,,,,,,,,
Armenia,2014,,2962008,,,,,,,,,,,,,,
Armenia,2015,,2926882,,,,,,,,,,,,,,
Armenia,2016,,2955053,,,,,,,,,,,,,,
Armenia,2017,,2916735,,,,,,,,,,,,,,
Armenia,2018,,2888239,,,,,,,,,,,,,,
Armenia,2019,,,2919889,,,,,,,,,,,,,
Armenia,2020,,,2946058,,,,,,,,,,,,,
Armenia,2021,,,2933912,,,,,,,,,,,,,
Armenia,2022,,,2947234,,,,,,,,,,,,,
Armenia,2023,,,2941000,,,,,,,,,,,,,
Australia,1981,,,,,,,,,5670780,,,,,,,
Australia,1985,,,,,,,,,,5948983,,,,,,
Australia,1989,,,,,,,,,,,6135308,,,,,
Australia,1995,,,,,,,,,,,,7560535,,,,
Australia,2001,,,,,,,,,,,,6454627,,,,
Australia,2003,,,,,,,,,,,,6111696,,,,
Australia,2004,,,,,,,,,,,,5032284,,,,
Australia,2008,,,,,,,,,,,,3400267,,,,
Australia,2010,,,,,,,,,,,,3233518,,,,
Australia,2014,,,,,,,,,,,,2757558,,,,
Australia,2016,,,,,,,,,,,,3078359,,,,
Australia,2018,,,,,,,,,,,,3180880,,,,
Australia,2020,,,,,,,,,,,,2939515,,,,
Austria,1994,,,,,,,,,,1031010,,,,,,
Austria,1995,,,,,,,,,,1092216,,,,,,
Austria,1996,,,,,,,,,,1170620,,,,,,
Austria,1997,,,,,,,,,,1111887,,,,,,
Austria,1998,,,,,,,,,,1095029,,,,,,
Austria,1999,,,,,,,,,,929081,,,,,,
Austria,2000,,,,,,,,,,979592,,,,,,
Austria,2003,,,,,,,,,,,831659,,,,,
Austria,2004,,,,,,,,,,,700657,,,,,
Austria,2005,,,,,,,,,,,741498,,,,,
Austria,2006,,,,,,,,,,,731002,,,,,
Austria,2007,,,,,,,,,,,802173,,,,,
Austria,2008,,,,,,,,,,,761590,,,,,
Austria,2009,,,,,,,,,,,762684,,,,,
Austria,2010,,,,,,,,,,,684163,,,,,
Austria,2011,,,,,,,,,,,735224,,,,,
Austria,2012,,,,,,,,,,,830942,,,,,
Austria,2013,,,,,,,,,,,674389,,,,,
Austria,2014,,,,,,,,,,,723705,,,,,
Austria,2015,,,,,,,,,,,739530,,,,,
Austria,2016,,,,,,,,,,,704004,,,,,
Austria,2017,,,,,,,,,,,678377,,,,,
Austria,2018,,,,,,,,,,,654079,,,,,
Austria,2019,,,,,,,,,,,672361,,,,,
Austria,2020,,,,,,,,,,,716312,,,,,
Austria,2021,,,,,,,,,,,705257,,,,,
Austria,2022,,,,,,,,,,,618130,,,,,
Austria,2023,,,,,,,,,,,641922,,,,,
Azerbaijan,1995,7655428,,,,,,,,,,,,,,,
Azerbaijan,2001,,7991770,,,,,,,,,,,,,,
Azerbaijan,2002,,8076276,,,,,,,,,,,,,,
Azerbaijan,2003,,8115702,,,,,,,,,,,,,,
Azerbaijan,2004,,8166873,,,,,,,,,,,,,,
Azerbaijan,2005,,8213212,,,,,,,,,,,,,,
Bangladesh,1983,96575064,,,,,,,,,,,,,,,
Bangladesh,1985,101436581,,,,,,,,,,,,,,,
Bangladesh,1988,108273993,,,,,,,,,,,,,,,
Bangladesh,1991,,114813628,,,,,,,,,,,,,,
Bangladesh,1995,,123389671,,,,,,,,,,,,,,
Bangladesh,2000,,,134248474,,,,,,,,,,,,,
Bangladesh,2005,,,144247415,,,,,,,,,,,,,
Bangladesh,2010,,,151770295,,,,,,,,,,,,,
Bangladesh,2016,,,160074206,,,,,,,,,,,,,
Bangladesh,2022,,,,167939545,,,,,,,,,,,,
Barbados,2016,244279,,,,,,,,,,,,,,,
Belarus,1993,,,,,,,,,10239050,,,,,,,
Belarus,1995,,,,,,,,,10088835,,,,,,,
Belarus,1998,,10060975,,,,,,,,,,,,,,
Belarus,1999,,10021676,,,,,,,,,,,,,,
Belarus,2000,,9970109,,,,,,,,,,,,,,
Belarus,2001,,9900230,,,,,,,,,,,,,,
Belarus,2002,,9832779,,,,,,,,,,,,,,
Belarus,2003,,9778779,,,,,,,,,,,,,,
Belarus,2004,,9705863,,,,,,,,,,,,,,
Belarus,2005,,9584637,,,,,,,,,,,,,,
Belarus,2006,,9470397,,,,,,,,,,,,,,
Belarus,2007,,9260161,,,,,,,,,,,,,,
Belarus,2008,,9251880,,,,,,,,,,,,,,
Belarus,2009,,9201262,,,,,,,,,,,,,,
Belarus,2010,,8889072,,,,,,,,,,,,,,
Belarus,2011,,8967175,,,,,,,,,,,,,,
Belarus,2012,,8729731,,,,,,,,,,,,,,
Belarus,2013,,8421619,,,,,,,,,,,,,,
Belarus,2014,,8256554,,,,,,,,,,,,,,
Belarus,2015,,8635474,,,,,,,,,,,,,,
Belarus,2016,,8767202,,,,,,,,,,,,,,
Belarus,2017,,8672121,,,,,,,,,,,,,,
Belarus,2018,,8404844,,,,,,,,,,,,,,
Belarus,2019,,8191882,,,,,,,,,,,,,,
Belarus,2020,,8224533,,,,,,,,,,,,,,
Belgium,1985,,,,,,,,,3351039,,,,,,,
Belgium,1988,,,,,,,,,2993242,,,,,,,
Belgium,1992,,,,,,,,,2360465,,,,,,,
Belgium,1995,,,,,,,,,,1746820,,,,,,
Belgium,1997,,,,,,,,,1625573,,,,,,,
Belgium,2000,,,,,,,,,,1275987,,,,,,
Belgium,2003,,,,,,,,,,,1549828,,,,,
Belgium,2004,,,,,,,,,,,1425589,,,,,
Belgium,2005,,,,,,,,,,,1290845,,,,,
Belgium,2006,,,,,,,,,,,1339235,,,,,
Belgium,2007,,,,,,,,,,,1312640,,,,,
Belgium,2008,,,,,,,,,,,1257877,,,,,
Belgium,2009,,,,,,,,,,,1242120,,,,,
Belgium,2010,,,,,,,,,,,1234209,,,,,
Belgium,2011,,,,,,,,,,,1323521,,,,,
Belgium,2012,,,,,,,,,,,1230841,,,,,
Belgium,2013,,,,,,,,,,,1330899,,,,,
Belgium,2014,,,,,,,,,,,1271674,,,,,
Belgium,2015,,,,,,,,,,,1250274,,,,,
Belgium,2016,,,,,,,,,,,1276503,,,,,
Belgium,2017,,,,,,,,,,,1181862,,,,,
Belgium,2018,,,,,,,,,,,1135756,,,,,
Belgium,2019,,,,,,,,,,,934647,,,,,
Belgium,2020,,,,,,,,,,,868182,,,,,
Belgium,2021,,,,,,,,,,,825455,,,,,
Belgium,2022,,,,,,,,,,,816724,,,,,
Belgium,2023,,,,,,,,,,,828787,,,,,
Belize,1993,,,,,,,,,183429,,,,,,,
Belize,1994,,,,,,,,,188336,,,,,,,
Belize,1995,,180025,,,,,,,,,,,,,,
Belize,1996,,,,,,,,,,,201035,,,,,
Belize,1997,,,,,,,,,209079,,,,,,,
Belize,1998,,,,,,,,,214968,,,,,,,
Belize,1999,,,,,,,,,221171,,,,,,,
Belize,2018,,,,316197,,,,,,,,,,,,
Benin,2003,7900878,,,,,,,,,,,,,,,
Benin,2011,,10178168,,,,,,,,,,,,,,
Benin,2015,,11331699,,,,,,,,,,,,,,
Benin,2018,,,12503595,,,,,,,,,,,,,
Benin,2021,,,13617704,,,,,,,,,,,,,
Bhutan,2003,627308,,,,,,,,,,,,,,,
Bhutan,2007,,666030,,,,,,,,,,,,,,
Bhutan,2012,,685294,,,,,,,,,,,,,,
Bhutan,2017,,714036,,,,,,,,,,,,,,
Bhutan,2022,,,702523,,,,,,,,,,,,,
Bolivia,1997,,,,,,,,,,7254094,,,,,,
Bolivia,1999,,,,,,,,,,,7588565,,,,,
Bolivia,2000,,,,,,,,,,,,7864411,,,,
Bolivia,2001,,,,,,,,,,,,8028230,,,,
Bolivia,2002,,,,,,,,,,,,8148474,,,,
Bolivia,2004,,,,,,,,,,,,,8261522,,,
Bolivia,2005,,,,,,,,,,,,,,8192758,,
Bolivia,2006,,,,,,,,,,,,,,8292430,,
Bolivia,2007,,,,,,,,,,,,,,8399952,,
Bolivia,2008,,,,,,,,,,,,,,8519842,,
Bolivia,2009,,,,,,,,,,,,,,8533982,,
Bolivia,2011,,,,,,,,,,,,,,8418649,,
Bolivia,2012,,,,,,,,,,,,,,8442467,,
Bolivia,2013,,,,,,,,,,,,,,8268551,,
Bolivia,2014,,,,,,,,,,,,,,8480179,,
Bolivia,2015,,,,,,,,,,,,,,8702713,,
Bolivia,2016,,,,,,,,,,,,,,8829375,,
Bolivia,2017,,,,,,,,,,,,,,8946320,,
Bolivia,2018,,,,,,,,,,,,,,9116011,,
Bolivia,2019,,,,,,,,,,,,,,9174875,,
Bolivia,2020,,,,,,,,,,,,,,9368485,,
Bolivia,2021,,,,,,,,,,,,,,9401206,,
Bolivia,2022,,,,,,,,,,,,,,9596898,,
Bolivia,2023,,,,,,,,,,,,,,9482605,,
Bolivia (urban),1990,,,,,,,,,3766781,,,,,,,
Bolivia (urban),1992,,,,,,,,,4068923,,,,,,,
Bosnia and Herzegovina,2001,4008685,,,,,,,,,,,,,,,
Bosnia and Herzegovina,2004,3340246,,,,,,,,,,,,,,,
Bosnia and Herzegovina,2007,,3031892,,,,,,,,,,,,,,
Bosnia and Herzegovina,2011,,2930772,,,,,,,,,,,,,,
Botswana,1985,1126023,,,,,,,,,,,,,,,
Botswana,1993,1394629,,,,,,,,,,,,,,,
Botswana,2002,,1638749,,,,,,,,,,,,,,
Botswana,2009,,1866921,,,,,,,,,,,,,,
Botswana,2015,,2079504,,,,,,,,,,,,,,
Brazil,1981,,,,,,,,,116780057,,,,,,,
Brazil,1982,,,,,,,,,119030430,,,,,,,
Brazil,1983,,,,,,,,,123579321,,,,,,,
Brazil,1984,,,,,,,,,126346093,,,,,,,
Brazil,1985,,,,,,,,,128630540,,,,,,,
Brazil,1986,,,,,,,,,122142069,,,,,,,
Brazil,1987,,,,,,,,,129379701,,,,,,,
Brazil,1988,,,,,,,,,131627416,,,,,,,
Brazil,1989,,,,,,,,,131220914,,,,,,,
Brazil,1990,,,,,,,,,138207675,,,,,,,
Brazil,1992,,,,,,,,,147515213,,,,,,,
Brazil,1993,,,,,,,,,145803022,,,,,,,
Brazil,1995,,,,,,,,,144080967,,,,,,,
Brazil,1996,,,,,,,,,145936991,,,,,,,
Brazil,1997,,,,,,,,,148356922,,,,,,,
Brazil,1998,,,,,,,,,150428158,,,,,,,
Brazil,1999,,,,,,,,,153916218,,,,,,,
Brazil,2001,,,,,,,,,155156688,,,,,,,
Brazil,2002,,,,,,,,,157015326,,,,,,,
Brazil,2003,,,,,,,,,160221803,,,,,,,
Brazil,2004,,,,,,,,,162207476,,,,,,,
Brazil,2005,,,,,,,,,162772384,,,,,,,
Brazil,2006,,,,,,,,,162126154,,,,,,,
Brazil,2007,,,,,,,,,162595596,,,,,,,
Brazil,2008,,,,,,,,,161996319,,,,,,,
Brazil,2009,,,,,,,,,162166858,,,,,,,
Brazil,2011,,,,,,,,,162081055,,,,,,,
Brazil,2012,,,,,,,,,,160507412,,,,,,
Brazil,2013,,,,,,,,,,159278131,,,,,,
Brazil,2014,,,,,,,,,,159098717,,,,,,
Brazil,2015,,,,,,,,,,161596414,,,,,,
Brazil,2016,,,,,,,,,,163192145,,,,,,
Brazil,2017,,,,,,,,,,164613513,,,,,,
Brazil,2018,,,,,,,,,,163963054,,,,,,
Brazil,2019,,,,,,,,,,164345847,,,,,,
Brazil,2020,,,,,,,,,,167503713,,,,,,
Brazil,2021,,,,,,,,,,171197471,,,,,,
Brazil,2022,,,,,,,,,,165857837,,,,,,
Brazil,2023,,,,,,,,,,163855435,,,,,,
Bulgaria,1989,5929107,,,,,,,,,,,,,,,
Bulgaria,1992,,,,,,,,,,6728966,,,,,,
Bulgaria,1994,8010013,,,,,,,,,,,,,,,
Bulgaria,1995,,,,7924560,,,,,,,,,,,,
Bulgaria,1997,,,8248979,,,,,,,,,,,,,
Bulgaria,2001,,,,7768621,,,,,,,,,,,,
Bulgaria,2003,,,,,7636346,,,,,,,,,,,
Bulgaria,2006,,,,,,,,,,,,,,7325081,,
Bulgaria,2007,,,,,7199953,,,,,,,,,6754101,,
Bulgaria,2008,,,,,,,,,,,,,,6466972,,
Bulgaria,2009,,,,,,,,,,,,,,6319457,,
Bulgaria,2010,,,,,,,,,,,,,,6382247,,
Bulgaria,2011,,,,,,,,,,,,,,6565981,,
Bulgaria,2012,,,,,,,,,,,,,,6376354,,
Bulgaria,2013,,,,,,,,,,,,,,5946906,,
Bulgaria,2014,,,,,,,,,,,,,,5710016,,
Bulgaria,2015,,,,,,,,,,,,,,,5705307,
Bulgaria,2016,,,,,,,,,,,,,,,5163918,
Bulgaria,2017,,,,,,,,,,,,,,,5200183,
Bulgaria,2018,,,,,,,,,,,,,,,4676501,
Bulgaria,2019,,,,,,,,,,,,,,,4412666,
Bulgaria,2020,,,,,,,,,,,,,,,4045336,
Bulgaria,2021,,,,,,,,,,,,,,,3823314,
Bulgaria,2022,,,,,,,,,,,,,,,3599133,
Bulgaria,2023,,,,,,,,,,,,,,,3204990,
Burkina Faso,1994,10178179,,,,,,,,,,,,,,,
Burkina Faso,1998,,11214984,,,,,,,,,,,,,,
Burkina Faso,2003,,13066612,,,,,,,,,,,,,,
Burkina Faso,2009,,,15677538,,,,,,,,,,,,,
Burkina Faso,2014,,,,18200863,,,,,,,,,,,,
Burkina Faso,2018,,,,,20601259,,,,,,,,,,,
Burkina Faso,2021,,,,,22241223,,,,,,,,,,,
Burundi,1992,5858407,,,,,,,,,,,,,,,
Burundi,1998,,6259359,,,,,,,,,,,,,,
Burundi,2006,,7865269,,,,,,,,,,,,,,
Burundi,2013,,10611536,,,,,,,,,,,,,,
Burundi,2020,,,12659674,,,,,,,,,,,,,
Cameroon,1996,13315523,,,,,,,,,,,,,,,
Cameroon,2001,,15163508,,,,,,,,,,,,,,
Cameroon,2007,,17889397,,,,,,,,,,,,,,
Cameroon,2014,,21563478,,,,,,,,,,,,,,
Cameroon,2021,,,27057027,,,,,,,,,,,,,
Canada,1971,,,,,,,,,11365341,,,,,,,
Canada,1973,,,,,,,,,9502459,,,,,,,
Canada,1975,,,,,,,,,7868375,,,,,,,
Canada,1977,,,,,,,,,7294258,,,,,,,
Canada,1979,,,,,,,,,6835931,,,,,,,
Canada,1981,,,,,,,,,6142837,,,,,,,
Canada,1982,,,,,,,,,6467360,,,,,,,
Canada,1984,,,,,,,,,6657578,,,,,,,
Canada,1985,,,,,,,,,6266290,,,,,,,
Canada,1986,,,,,,,,,6067966,,,,,,,
Canada,1987,,,,,,,,,5883750,,,,,,,
Canada,1988,,,,,,,,,5558964,,,,,,,
Canada,1989,,,,,,,,,5318607,,,,,,,
Canada,1990,,,,,,,,,5607203,,,,,,,
Canada,1991,,,,,,,,,6378075,,,,,,,
Canada,1992,,,,,,,,,6238041,,,,,,,
Canada,1993,,,,,,,,,6812561,,,,,,,
Canada,1994,,,,,,,,,6380085,,,,,,,
Canada,1995,,,,,,,,,6665291,,,,,,,
Canada,1996,,,,,,,,,,7772257,,,,,,
Canada,1997,,,,,,,,,,7775351,,,,,,
Canada,1998,,,,,,,,,,7236865,,,,,,
Canada,1999,,,,,,,,,,6837392,,,,,,
Canada,2000,,,,,,,,,,6518966,,,,,,
Canada,2001,,,,,,,,,,6281526,,,,,,
Canada,2002,,,,,,,,,,6271254,,,,,,
Canada,2003,,,,,,,,,,6406929,,,,,,
Canada,2004,,,,,,,,,,6147913,,,,,,
Canada,2005,,,,,,,,,,5803470,,,,,,
Canada,2006,,,,,,,,,,5615198,,,,,,
Canada,2007,,,,,,,,,,5015002,,,,,,
Canada,2008,,,,,,,,,,5069839,,,,,,
Canada,2009,,,,,,,,,,5040728,,,,,,
Canada,2010,,,,,,,,,,5015395,,,,,,
Canada,2011,,,,,,,,,,4635457,,,,,,
Canada,2012,,,,,,,,,,,5120169,,,,,
Canada,2013,,,,,,,,,,,5173818,,,,,
Canada,2014,,,,,,,,,,,4781663,,,,,
Canada,2015,,,,,,,,,,,4905442,,,,,
Canada,2016,,,,,,,,,,,4603840,,,,,
Canada,2017,,,,,,,,,,,4476655,,,,,
Canada,2018,,,,,,,,,,,4076556,,,,,
Canada,2019,,,,,,,,,,,3852253,,,,,
Canada,2020,,,,,,,,,,,2280618,,,,,
Canada,2021,,,,,,,,,,,2862308,,,,,
Cape Verde,2001,453233,,,,,,,,,,,,,,,
Cape Verde,2007,,484513,,,,,,,,,,,,,,
Cape Verde,2015,,,498166,,,,,,,,,,,,,
Central African Republic,1992,3096814,,,,,,,,,,,,,,,
Central African Republic,2008,,4513235,,,,,,,,,,,,,,
Central African Republic,2021,,,5107866,,,,,,,,,,,,,
Chad,2003,9478333,,,,,,,,,,,,,,,
Chad,2011,12719510,,,,,,,,,,,,,,,
Chad,2018,,16377442,,,,,,,,,,,,,,
Chad,2022,,18416070,,,,,,,,,,,,,,
Chile,1987,,,,,,,,,11859133,,,,,,,
Chile,1990,,,,,,,,,12222646,,,,,,,
Chile,1992,,,,,,,,,12658557,,,,,,,
Chile,1994,,,,,,,,,12692757,,,,,,,
Chile,1996,,,,,,,,,12906696,,,,,,,
Chile,1998,,,,,,,,,13008581,,,,,,,
Chile,2000,,,,,,,,,,13829275,,,,,,
Chile,2003,,,,,,,,,,14340788,,,,,,
Chile,2006,,,,,,,,,,,14311897,,,,,
Chile,2009,,,,,,,,,,,14548141,,,,,
Chile,2011,,,,,,,,,,,14551730,,,,,
Chile,2013,,,,,,,,,,,13826637,,,,,
Chile,2015,,,,,,,,,,,13700221,,,,,
Chile,2017,,,,,,,,,,,13497512,,,,,
Chile,2020,,,,,,,,,,,13995477,,,,,
Chile,2022,,,,,,,,,,,12871767,,,,,
China,1981,,,,,,,,,993884992,,,,,,,
China,1984,,,,,,,,,1036825024,,,,,,,
China,1987,,,,,,,,,1084034944,,,,,,,
China,1990,,1134867688,,,,,,,,,,,,,,
China,1993,,1178439936,,,,,,,,,,,,,,
China,1996,,1217549952,,,,,,,,,,,,,,
China,1999,,1252294355,,,,,,,,,,,,,,
China,2002,,1275555576,,,,,,,,,,,,,,
China,2005,,1293910496,,,,,,,,,,,,,,
China,2008,,1305338570,,,,,,,,,,,,,,
China,2010,,1307573617,,,,,,,,,,,,,,
China,2011,,1310630310,,,,,,,,,,,,,,
China,2012,,1311138372,,,,,,,,,,,,,,
China,2013,,,1307645782,,,,,,,,,,,,,
China,2014,,,1305652080,,,,,,,,,,,,,
China,2015,,,1302859230,,,,,,,,,,,,,
China,2016,,,1296217095,,,,,,,,,,,,,
China,2017,,,1289267693,,,,,,,,,,,,,
China,2018,,,1278985628,,,,,,,,,,,,,
China,2019,,,1269143625,,,,,,,,,,,,,
China,2020,,,1294889194,,,,,,,,,,,,,
China,2021,,,1260662966,,,,,,,,,,,,,
China,2022,,,1259224936,,,,,,,,,,,,,
China (rural),1981,,,,,,,,,793935232,,,,,,,
China (rural),1984,,,,,,,,,806618752,,,,,,,
China (rural),1987,,,,,,,,,821058944,,,,,,,
China (rural),1990,,834702102,,,,,,,,,,,,,,
China (rural),1993,,835478592,,,,,,,,,,,,,,
China (rural),1996,,828956736,,,,,,,,,,,,,,
China (rural),1999,,815528322,,,,,,,,,,,,,,
China (rural),2002,,786971351,,,,,,,,,,,,,,
China (rural),2005,,747935914,,,,,,,,,,,,,,
China (rural),2008,,704682513,,,,,,,,,,,,,,
China (rural),2010,,674288884,,,,,,,,,,,,,,
China (rural),2011,,660725225,,,,,,,,,,,,,,
China (rural),2012,,646726937,,,,,,,,,,,,,,
China (rural),2013,,,634325893,,,,,,,,,,,,,
China (rural),2014,,,619853219,,,,,,,,,,,,,
China (rural),2015,,,605011345,,,,,,,,,,,,,
China (rural),2016,,,589948229,,,,,,,,,,,,,
China (rural),2017,,,573626972,,,,,,,,,,,,,
China (rural),2018,,,557683149,,,,,,,,,,,,,
China (rural),2019,,,541641700,,,,,,,,,,,,,
China (rural),2020,,,528281916,,,,,,,,,,,,,
China (rural),2021,,,508392783,,,,,,,,,,,,,
China (rural),2022,,,491203023,,,,,,,,,,,,,
China (urban),1981,,,,,,,,,199949792,,,,,,,
China (urban),1984,,,,,,,,,230206256,,,,,,,
China (urban),1987,,,,,,,,,262976048,,,,,,,
China (urban),1990,,300165632,,,,,,,,,,,,,,
China (urban),1993,,342961408,,,,,,,,,,,,,,
China (urban),1996,,388593248,,,,,,,,,,,,,,
China (urban),1999,,436766048,,,,,,,,,,,,,,
China (urban),2002,,488584183,,,,,,,,,,,,,,
China (urban),2005,,545974681,,,,,,,,,,,,,,
China (urban),2008,,600656148,,,,,,,,,,,,,,
China (urban),2010,,633284758,,,,,,,,,,,,,,
China (urban),2011,,649905109,,,,,,,,,,,,,,
China (urban),2012,,664411470,,,,,,,,,,,,,,
China (urban),2013,,,673319936,,,,,,,,,,,,,
China (urban),2014,,,685798881,,,,,,,,,,,,,
China (urban),2015,,,697847873,,,,,,,,,,,,,
China (urban),2016,,,706268858,,,,,,,,,,,,,
China (urban),2017,,,715640679,,,,,,,,,,,,,
China (urban),2018,,,721302566,,,,,,,,,,,,,
China (urban),2019,,,727501884,,,,,,,,,,,,,
China (urban),2020,,,766607211,,,,,,,,,,,,,
China (urban),2021,,,752270234,,,,,,,,,,,,,
China (urban),2022,,,768021980,,,,,,,,,,,,,
Colombia,1992,,,,,,,,,,31519675,,,,,,
Colombia,1996,,,,,,,,,,34503248,,,,,,
Colombia,1999,,,,,,,,,,36370210,,,,,,
Colombia,2000,,,,,,,,,,36637682,,,,,,
Colombia,2001,,,,,,,,,,,37868626,,,,,
Colombia,2002,,,,,,,,,,,,37719543,,,,
Colombia,2003,,,,,,,,,,,,38406726,,,,
Colombia,2004,,,,,,,,,,,,38844758,,,,
Colombia,2005,,,,,,,,,,,,39060656,,,,
Colombia,2008,,,,,,,,,,,,,39871599,,,
Colombia,2009,,,,,,,,,,,,,40401507,,,
Colombia,2010,,,,,,,,,,,,,40356248,,,
Colombia,2011,,,,,,,,,,,,,40542444,,,
Colombia,2012,,,,,,,,,,,,,40816402,,,
Colombia,2013,,,,,,,,,,,,,40808146,,,
Colombia,2014,,,,,,,,,,,,,40863575,,,
Colombia,2015,,,,,,,,,,,,,41412440,,,
Colombia,2016,,,,,,,,,,,,,42096211,,,
Colombia,2017,,,,,,,,,,,,,42717297,,,
Colombia,2018,,,,,,,,,,,,,43348862,,,
Colombia,2019,,,,,,,,,,,,,44045173,,,
Colombia,2020,,,,,,,,,,,,,45694952,,,
Colombia,2021,,,,,,,,,,,,,,44640936,,
Colombia,2022,,,,,,,,,,,,,,44301807,,
Colombia,2023,,,,,,,,,,,,,,44439521,,
Colombia (urban),1980,,,,,,,,,15760972,,,,,,,
Colombia (urban),1988,,,,,,,,,,20079698,,,,,,
Colombia (urban),1989,,,,,,,,,,20706996,,,,,,
Colombia (urban),1991,,,,,,,,,,21767491,,,,,,
Comoros,2004,556046,,,,,,,,,,,,,,,
Comoros,2014,,700896,,,,,,,,,,,,,,
Congo,2005,3673429,,,,,,,,,,,,,,,
Congo,2011,4611205,,,,,,,,,,,,,,,
Costa Rica,1981,,,,,,,,,2419247,,,,,,,
Costa Rica,1986,,,,,,,,,2817216,,,,,,,
Costa Rica,1989,,,,,,,,,,2897711,,,,,,
Costa Rica,1990,,,,,,,,,,2951795,,,,,,
Costa Rica,1991,,,,,,,,,,3054160,,,,,,
Costa Rica,1992,,,,,,,,,,3127774,,,,,,
Costa Rica,1993,,,,,,,,,,3127540,,,,,,
Costa Rica,1994,,,,,,,,,,3144460,,,,,,
Costa Rica,1995,,,,,,,,,,3246848,,,,,,
Costa Rica,1996,,,,,,,,,,3327670,,,,,,
Costa Rica,1997,,,,,,,,,,3393034,,,,,,
Costa Rica,1998,,,,,,,,,,3363324,,,,,,
Costa Rica,1999,,,,,,,,,,3448760,,,,,,
Costa Rica,2000,,,,,,,,,,3538264,,,,,,
Costa Rica,2001,,,,,,,,,,,3326580,,,,,
Costa Rica,2002,,,,,,,,,,,3382298,,,,,
Costa Rica,2003,,,,,,,,,,,3405941,,,,,
Costa Rica,2004,,,,,,,,,,,3536721,,,,,
Costa Rica,2005,,,,,,,,,,,3532420,,,,,
Costa Rica,2006,,,,,,,,,,,3579655,,,,,
Costa Rica,2007,,,,,,,,,,,3519533,,,,,
Costa Rica,2008,,,,,,,,,,,3537524,,,,,
Costa Rica,2009,,,,,,,,,,,3476407,,,,,
Costa Rica,2010,,,,,,,,,,,,3462353,,,,
Costa Rica,2011,,,,,,,,,,,,3426118,,,,
Costa Rica,2012,,,,,,,,,,,,3402479,,,,
Costa Rica,2013,,,,,,,,,,,,3381032,,,,
Costa Rica,2014,,,,,,,,,,,,3475568,,,,
Costa Rica,2015,,,,,,,,,,,,3531333,,,,
Costa Rica,2016,,,,,,,,,,,,3489667,,,,
Costa Rica,2017,,,,,,,,,,,,3521091,,,,
Costa Rica,2018,,,,,,,,,,,,3550709,,,,
Costa Rica,2019,,,,,,,,,,,,3612435,,,,
Costa Rica,2020,,,,,,,,,,,,3831692,,,,
Costa Rica,2021,,,,,,,,,,,,3698973,,,,
Costa Rica,2022,,,,,,,,,,,,3716614,,,,
Costa Rica,2023,,,,,,,,,,,,3585539,,,,
Costa Rica,2024,,,,,,,,,,,,3396945,,,,
Cote d'Ivoire,1985,9689635,,,,,,,,,,,,,,,
Cote d'Ivoire,1986,10275513,,,,,,,,,,,,,,,
Cote d'Ivoire,1987,10715345,,,,,,,,,,,,,,,
Cote d'Ivoire,1988,11333897,,,,,,,,,,,,,,,
Cote d'Ivoire,1992,,13470379,,,,,,,,,,,,,,
Cote d'Ivoire,1995,,14769466,,,,,,,,,,,,,,
Cote d'Ivoire,1998,,16612864,,,,,,,,,,,,,,
Cote d'Ivoire,2008,,,21415700,,,,,,,,,,,,,
Cote d'Ivoire,2015,,,25165196,,,,,,,,,,,,,
Cote d'Ivoire,2018,,,,27644095,,,,,,,,,,,,
Cote d'Ivoire,2021,,,,30036207,,,,,,,,,,,,
Croatia,1988,,,,,,,,,3496314,,,,,,,
Croatia,1998,,1514725,,,,,,,,,,,,,,
Croatia,1999,,,3800780,,,,,,,,,,,,,
Croatia,2000,,,3425266,,,,,,,,,,,,,
Croatia,2001,,,3401490,,,,,,,,,,,,,
Croatia,2004,,2052116,,,,,,,,,,,,,,
Croatia,2008,,2302727,,,,,,,,,,,,,,
Croatia,2009,,2330800,,,,,,,,,,2920041,,,,
Croatia,2010,,2752505,,,,,,,,,,3095676,,,,
Croatia,2011,,,,,,,,,,,,3171159,,,,
Croatia,2012,,,,,,,,,,,,3284408,,,,
Croatia,2013,,,,,,,,,,,,3307268,,,,
Croatia,2014,,,,,,,,,,,,3146142,,,,
Croatia,2015,,,,,,,,,,,,3022307,,,,
Croatia,2016,,,,,,,,,,,,2780208,,,,
Croatia,2017,,,,,,,,,,,,2554463,,,,
Croatia,2018,,,,,,,,,,,,2350974,,,,
Croatia,2019,,,,,,,,,,,,2094989,,,,
Croatia,2020,,,,,,,,,,,,1983014,,,,
Croatia,2021,,,,,,,,,,,,1772888,,,,
Croatia,2022,,,,,,,,,,,,1767539,,,,
Croatia,2023,,,,,,,,,,,,1338078,,,,
Cyprus,2004,,,,,,,,,253332,,,,,,,
Cyprus,2005,,,,,,,,,215036,,,,,,,
Cyprus,2006,,,,,,,,,161506,,,,,,,
Cyprus,2007,,,,,,,,,164719,,,,,,,
Cyprus,2008,,,,,,,,,185137,,,,,,,
Cyprus,2009,,,,,,,,,192487,,,,,,,
Cyprus,2010,,,,,,,,,177616,,,,,,,
Cyprus,2011,,,,,,,,,188726,,,,,,,
Cyprus,2012,,,,,,,,,261749,,,,,,,
Cyprus,2013,,,,,,,,,353591,,,,,,,
Cyprus,2014,,,,,,,,,394888,,,,,,,
Cyprus,2015,,,,,,,,,359550,,,,,,,
Cyprus,2016,,,,,,,,,312067,,,,,,,
Cyprus,2017,,,,,,,,,280426,,,,,,,
Cyprus,2018,,,,,,,,,236236,,,,,,,
Cyprus,2019,,,,,,,,,216303,,,,,,,
Cyprus,2020,,,,,,,,,208122,,,,,,,
Cyprus,2021,,,,,,,,,188802,,,,,,,
Cyprus,2022,,,,,,,,,195777,,,,,,,
Cyprus,2023,,,,,,,,,167061,,,,,,,
Czechia,1992,,,,,,,,,9312632,,,,,,,
Czechia,1993,,,,,,,,,8693606,,,,,,,
Czechia,1996,,,,,,,,,7813447,,,,,,,
Czechia,2002,,,,,,,,,7010267,,,,,,,
Czechia,2004,,,,,,,,,,6295474,,,,,,
Czechia,2005,,,,,,,,,,6043884,,,,,,
Czechia,2006,,,,,,,,,,5453729,,,,,,
Czechia,2007,,,,,,,,,,4928894,,,,,,
Czechia,2008,,,,,,,,,,4754884,,,,,,
Czechia,2009,,,,,,,,,,4526089,,,,,,
Czechia,2010,,,,,,,,,,4568410,,,,,,
Czechia,2011,,,,,,,,,,4457226,,,,,,
Czechia,2012,,,,,,,,,,4633159,,,,,,
Czechia,2013,,,,,,,,,,4624065,,,,,,
Czechia,2014,,,,,,,,,,4362953,,,,,,
Czechia,2015,,,,,,,,,,3910217,,,,,,
Czechia,2016,,,,,,,,,,3530561,,,,,,
Czechia,2017,,,,,,,,,,3156148,,,,,,
Czechia,2018,,,,,,,,,,2749655,,,,,,
Czechia,2019,,,,,,,,,,2496444,,,,,,
Czechia,2020,,,,,,,,,,2473764,,,,,,
Czechia,2021,,,,,,,,,,1942263,,,,,,
Czechia,2022,,,,,,,,,,2493348,,,,,,
Czechia,2023,,,,,,,,,,2758868,,,,,,
Democratic Republic of Congo,2004,58577822,,,,,,,,,,,,,,,
Democratic Republic of Congo,2012,74238634,,,,,,,,,,,,,,,
Democratic Republic of Congo,2020,,95843497,,,,,,,,,,,,,,
Denmark,1987,,,,,,,,,665852,,,,,,,
Denmark,1992,,,,,,,,,581681,,,,,,,
Denmark,1995,,,,,,,,,418606,,,,,,,
Denmark,2000,,,,,,,,,373744,,,,,,,
Denmark,2003,,,,,,,,,,515688,,,,,,
Denmark,2004,,,,,,,,,,456443,,,,,,
Denmark,2005,,,,,,,,,,434496,,,,,,
Denmark,2006,,,,,,,,,,384187,,,,,,
Denmark,2007,,,,,,,,,,385211,,,,,,
Denmark,2008,,,,,,,,,,388392,,,,,,
Denmark,2009,,,,,,,,,,459381,,,,,,
Denmark,2010,,,,,,,,,,435468,,,,,,
Denmark,2011,,,,,,,,,,408334,,,,,,
Denmark,2012,,,,,,,,,,408777,,,,,,
Denmark,2013,,,,,,,,,,454562,,,,,,
Denmark,2014,,,,,,,,,,425590,,,,,,
Denmark,2015,,,,,,,,,,386344,,,,,,
Denmark,2016,,,,,,,,,,393386,,,,,,
Denmark,2017,,,,,,,,,,393511,,,,,,
Denmark,2018,,,,,,,,,,352525,,,,,,
Denmark,2019,,,,,,,,,,320537,,,,,,
Denmark,2020,,,,,,,,,,316243,,,,,,
Denmark,2021,,,,,,,,,,316669,,,,,,
Denmark,2022,,,,,,,,,,349544,,,,,,
Denmark,2023,,,,,,,,,,368505,,,,,,
Djibouti,2002,790148,,,,,,,,,,,,,,,
Djibouti,2012,,949035,,,,,,,,,,,,,,
Djibouti,2013,,,972258,,,,,,,,,,,,,
Djibouti,2017,,,,1042077,,,,,,,,,,,,
Dominican Republic,1986,,,,,,,,,5794031,,,,,,,
Dominican Republic,1989,,,,,,,,,,6703927,,,,,,
Dominican Republic,1992,,,,,,,,,,,6958473,,,,,
Dominican Republic,1996,,,,,,,,,,,,7233322,,,,
Dominican Republic,1997,,,,,,,,,,,,7287530,,,,
Dominican Republic,2000,,,,,,,,,,,,,7470762,,,
Dominican Republic,2001,,,,,,,,,,,,,7658838,,,
Dominican Republic,2002,,,,,,,,,,,,,7826286,,,
Dominican Republic,2003,,,,,,,,,,,,,8154303,,,
Dominican Republic,2004,,,,,,,,,,,,,8434734,,,
Dominican Republic,2005,,,,,,,,,,,,,,8311391,,
Dominican Republic,2006,,,,,,,,,,,,,,8275818,,
Dominican Republic,2007,,,,,,,,,,,,,,8513917,,
Dominican Republic,2008,,,,,,,,,,,,,,8715190,,
Dominican Republic,2009,,,,,,,,,,,,,,8676269,,
Dominican Republic,2010,,,,,,,,,,,,,,8753588,,
Dominican Republic,2011,,,,,,,,,,,,,,8922427,,
Dominican Republic,2012,,,,,,,,,,,,,,9089171,,
Dominican Republic,2013,,,,,,,,,,,,,,9082252,,
Dominican Republic,2014,,,,,,,,,,,,,,8973295,,
Dominican Republic,2015,,,,,,,,,,,,,,8967682,,
Dominican Republic,2016,,,,,,,,,,,,,,8892659,,
Dominican Republic,2017,,,,,,,,,,,,,,,9257716,
Dominican Republic,2018,,,,,,,,,,,,,,,9159049,
Dominican Republic,2019,,,,,,,,,,,,,,,9134310,
Dominican Republic,2020,,,,,,,,,,,,,,,9481077,
Dominican Republic,2021,,,,,,,,,,,,,,,9815941,
Dominican Republic,2022,,,,,,,,,,,,,,,9820884,
Dominican Republic,2023,,,,,,,,,,,,,,,9401238,
Dominican Republic,2024,,,,,,,,,,,,,,,8944421,
East Timor,2001,811191,,,,,,,,,,,,,,,
East Timor,2007,1004717,,,,,,,,,,,,,,,
East Timor,2014,1181156,,,,,,,,,,,,,,,
Ecuador,1994,,,,,,,,,,10805516,,,,,,
Ecuador,1999,,,,,,,,,,,,,11885884,,,
Ecuador,2000,,,,,,,,,,,,,,12254268,,
Ecuador,2003,,,,,,,,,,,,,,,12424572,
Ecuador,2004,,,,,,,,,,,,,,,12759919,
Ecuador,2005,,,,,,,,,,,,,,,12612136,
Ecuador,2006,,,,,,,,,,,,,,,12718231,
Ecuador,2007,,,,,,,,,,,,,,,,12791170
Ecuador,2008,,,,,,,,,,,,,,,,13016585
Ecuador,2009,,,,,,,,,,,,,,,,13426522
Ecuador,2010,,,,,,,,,,,,,,,,13354280
Ecuador,2011,,,,,,,,,,,,,,,,13395128
Ecuador,2012,,,,,,,,,,,,,,,,13439121
Ecuador,2013,,,,,,,,,,,,,,,,13517114
Ecuador,2014,,,,,,,,,,,,,,,,13751284
Ecuador,2015,,,,,,,,,,,,,,,,13847549
Ecuador,2016,,,,,,,,,,,,,,,,14214253
Ecuador,2017,,,,,,,,,,,,,,,,14275417
Ecuador,2018,,,,,,,,,,,,,,,,14446999
Ecuador,2019,,,,,,,,,,,,,,,,14813191
Ecuador,2020,,,,,,,,,,,,,,,,15558535
Ecuador,2021,,,,,,,,,,,,,,,,15317156
Ecuador,2022,,,,,,,,,,,,,,,,15291152
Ecuador,2023,,,,,,,,,,,,,,,,15500081
Ecuador,2024,,,,,,,,,,,,,,,,15813636
Ecuador (urban),1987,,,,,,,,,4943851,,,,,,,
Ecuador (urban),1995,,,,,,,,,,,6361495,,,,,
Ecuador (urban),1998,,,,,,,,,,,,6922479,,,,
Egypt,1990,58599363,,,,,,,,,,,,,,,
Egypt,1995,66112040,,,,,,,,,,,,,,,
Egypt,1999,,71660470,,,,,,,,,,,,,,
Egypt,2004,,,79170411,,,,,,,,,,,,,
Egypt,2008,,,85155212,,,,,,,,,,,,,
Egypt,2010,,,,88733006,,,,,,,,,,,,
Egypt,2012,,,,92965405,,,,,,,,,,,,
Egypt,2015,,,,97435581,,,,,,,,,,,,
Egypt,2017,,,,103555357,,,,,,,,,,,,
Egypt,2019,,,,,106407332,,,,,,,,,,,
Egypt,2021,,,,110947834,,,,,,,,,,,,
El Salvador,1989,,,,,,,,,5128776,,,,,,,
El Salvador,1991,,,,,,,,,5300156,,,,,,,
El Salvador,1995,,,,,,,,,5521934,,,,,,,
El Salvador,1996,,,,,,,,,5547898,,,,,,,
El Salvador,1998,,,,,,,,,5588952,,,,,,,
El Salvador,1999,,,,,,,,,5596282,,,,,,,
El Salvador,2000,,,,,,,,,,5545292,,,,,,
El Salvador,2001,,,,,,,,,,5589954,,,,,,
El Salvador,2002,,,,,,,,,,5640793,,,,,,
El Salvador,2003,,,,,,,,,,5687988,,,,,,
El Salvador,2004,,,,,,,,,,5701635,,,,,,
El Salvador,2005,,,,,,,,,,5681433,,,,,,
El Salvador,2006,,,,,,,,,,5719940,,,,,,
El Salvador,2007,,,,,,,,,,5684145,,,,,,
El Salvador,2008,,,,,,,,,,5687112,,,,,,
El Salvador,2009,,,,,,,,,,5752702,,,,,,
El Salvador,2010,,,,,,,,,,5776732,,,,,,
El Salvador,2011,,,,,,,,,,5839727,,,,,,
El Salvador,2012,,,,,,,,,,5866790,,,,,,
El Salvador,2013,,,,,,,,,,5821024,,,,,,
El Salvador,2014,,,,,,,,,,5847615,,,,,,
El Salvador,2015,,,,,,,,,,5876845,,,,,,
El Salvador,2016,,,,,,,,,,5897086,,,,,,
El Salvador,2017,,,,,,,,,,5930468,,,,,,
El Salvador,2018,,,,,,,,,,5864788,,,,,,
El Salvador,2019,,,,,,,,,,5768125,,,,,,
El Salvador,2021,,,,,,,,,,5777177,,,,,,
El Salvador,2022,,,,,,,,,,5809181,,,,,,
El Salvador,2023,,,,,,,,,,5707436,,,,,,
Equatorial Guinea,2022,1785418,,,,,,,,,,,,,,,
Estonia,1993,,,,,,,,,1406124,,,,,,,
Estonia,1995,,1413590,,,,,,,,,,,,,,
Estonia,1998,,1287947,,,,,,,,,,,,,,
Estonia,2000,,,1324664,,,,,,,,,,,,,
Estonia,2001,,,1323960,,,,,,,,,,,,,
Estonia,2002,,,1311674,,,,,,,,,,,,,
Estonia,2003,,,1304276,,,,,,,,,1220926,,,,
Estonia,2004,,,1265788,,,,,,,,,1195967,,,,
Estonia,2005,,,,,,,,,,,,1117356,,,,
Estonia,2006,,,,,,,,,,,,1029301,,,,
Estonia,2007,,,,,,,,,,,,904256,,,,
Estonia,2008,,,,,,,,,,,,879775,,,,
Estonia,2009,,,,,,,,,,,,932598,,,,
Estonia,2010,,,,,,,,,,,,973452,,,,
Estonia,2011,,,,,,,,,,,,938936,,,,
Estonia,2012,,,,,,,,,,,,899036,,,,
Estonia,2013,,,,,,,,,,,,831751,,,,
Estonia,2014,,,,,,,,,,,,765477,,,,
Estonia,2015,,,,,,,,,,,,692848,,,,
Estonia,2016,,,,,,,,,,,,631593,,,,
Estonia,2017,,,,,,,,,,,,573513,,,,
Estonia,2018,,,,,,,,,,,,523607,,,,
Estonia,2019,,,,,,,,,,,,471600,,,,
Estonia,2020,,,,,,,,,,,,406756,,,,
Estonia,2021,,,,,,,,,,,,340316,,,,
Estonia,2022,,,,,,,,,,,,507172,,,,
Estonia,2023,,,,,,,,,,,,480778,,,,
Eswatini,1994,968061,,,,,,,,,,,,,,,
Eswatini,2000,,1039390,,,,,,,,,,,,,,
Eswatini,2009,,1097207,,,,,,,,,,,,,,
Eswatini,2016,,1120472,,,,,,,,,,,,,,
Ethiopia,1995,,57719158,,,,,,,,,,,,,,
Ethiopia,1999,,66345473,,,,,,,,,,,,,,
Ethiopia,2004,,77107436,,,,,,,,,,,,,,
Ethiopia,2010,,91634622,,,,,,,,,,,,,,
Ethiopia,2015,,104914799,,,,,,,,,,,,,,
Ethiopia,2021,,122078284,,,,,,,,,,,,,,
Ethiopia (rural),1981,31926999,,,,,,,,,,,,,,,
Fiji,2002,830242,,,,,,,,,,,,,,,
Fiji,2008,865235,,,,,,,,,,,,,,,
Fiji,2013,878879,,,,,,,,,,,,,,,
Fiji,2019,,907477,,,,,,,,,,,,,,
Finland,1987,,,,,,,,,1417808,,,,,,,
Finland,1991,,,,,,,,,1015075,,,,,,,
Finland,1995,,,,,,,,,1366254,,,,,,,
Finland,2000,,,,,,,,,1073957,,,,,,,
Finland,2003,,,,,,,,,,918061,,,,,,
Finland,2004,,,,,,,,,,779199,,,,,,
Finland,2005,,,,,,,,,,714060,,,,,,
Finland,2006,,,,,,,,,,716436,,,,,,
Finland,2007,,,,,,,,,,646120,,,,,,
Finland,2008,,,,,,,,,,585018,,,,,,
Finland,2009,,,,,,,,,,546992,,,,,,
Finland,2010,,,,,,,,,,548791,,,,,,
Finland,2011,,,,,,,,,,536707,,,,,,
Finland,2012,,,,,,,,,,499408,,,,,,
Finland,2013,,,,,,,,,,537703,,,,,,
Finland,2014,,,,,,,,,,533953,,,,,,
Finland,2015,,,,,,,,,,521391,,,,,,
Finland,2016,,,,,,,,,,486820,,,,,,
Finland,2017,,,,,,,,,,476929,,,,,,
Finland,2018,,,,,,,,,,445217,,,,,,
Finland,2019,,,,,,,,,,438948,,,,,,
Finland,2020,,,,,,,,,,411108,,,,,,
Finland,2021,,,,,,,,,,407622,,,,,,
Finland,2022,,,,,,,,,,440673,,,,,,
Finland,2023,,,,,,,,,,497966,,,,,,
France,1970,,,,,,,,,34193592,,,,,,,
France,1975,,,,,,,,,27943768,,,,,,,
France,1979,,,,,,,,,21989216,,,,,,,
France,1984,,,,,,,,,19590167,,,,,,,
France,1990,,,,,,,,,17327514,,,,,,,
France,1996,,,,,,,,,,15236438,,,,,,
France,1997,,,,,,,,,,14991718,,,,,,
France,1998,,,,,,,,,,14143631,,,,,,
France,1999,,,,,,,,,,13762898,,,,,,
France,2000,,,,,,,,,,13249091,,,,,,
France,2001,,,,,,,,,,12424441,,,,,,
France,2002,,,,,,,,,,11125876,,,,,,
France,2003,,,,,,,,,,,12818945,,,,,
France,2004,,,,,,,,,,,11972144,,,,,
France,2005,,,,,,,,,,,11582052,,,,,
France,2006,,,,,,,,,,,12741588,,,,,
France,2007,,,,,,,,,,,8577019,,,,,
France,2008,,,,,,,,,,,8735004,,,,,
France,2009,,,,,,,,,,,8875401,,,,,
France,2010,,,,,,,,,,,8936385,,,,,
France,2011,,,,,,,,,,,8511742,,,,,
France,2012,,,,,,,,,,,8780181,,,,,
France,2013,,,,,,,,,,,8476029,,,,,
France,2014,,,,,,,,,,,8285607,,,,,
France,2015,,,,,,,,,,,8192250,,,,,
France,2016,,,,,,,,,,,7871101,,,,,
France,2017,,,,,,,,,,,8042146,,,,,
France,2018,,,,,,,,,,,7723145,,,,,
France,2019,,,,,,,,,,,9522820,,,,,
France,2020,,,,,,,,,,,8538941,,,,,
France,2021,,,,,,,,,,,9110375,,,,,
France,2022,,,,,,,,,,,9198102,,,,,
France,2023,,,,,,,,,,,9051534,,,,,
Gabon,2005,1409898,,,,,,,,,,,,,,,
Gabon,2017,,1980945,,,,,,,,,,,,,,
Gambia,1998,1375125,,,,,,,,,,,,,,,
Gambia,2003,,1581150,,,,,,,,,,,,,,
Gambia,2010,,,1909225,,,,,,,,,,,,,
Gambia,2015,,,,2213513,,,,,,,,,,,,
Gambia,2020,,,,2498313,,,,,,,,,,,,
Georgia,1996,4404066,,,,,,,,,,,,,,,
Georgia,1997,,4319629,,,,,,,,,,,,,,
Georgia,1998,,,4217560,,,,,,,,,,,,,
Georgia,1999,,,4136332,,,,,,,,,,,,,
Georgia,2000,,,4059149,,,,,,,,,,,,,
Georgia,2001,,,3999330,,,,,,,,,,,,,
Georgia,2002,,,3953143,,,,,,,,,,,,,
Georgia,2003,,,3935934,,,,,,,,,,,,,
Georgia,2004,,,3911474,,,,,,,,,,,,,
Georgia,2005,,,3878053,,,,,,,,,,,,,
Georgia,2006,,,3862149,,,,,,,,,,,,,
Georgia,2007,,,3834268,,,,,,,,,,,,,
Georgia,2008,,,3816323,,,,,,,,,,,,,
Georgia,2009,,,3785426,,,,,,,,,,,,,
Georgia,2010,,,3752197,,,,,,,,,,,,,
Georgia,2011,,,3720583,,,,,,,,,,,,,
Georgia,2012,,,3685603,,,,,,,,,,,,,
Georgia,2013,,,3665593,,,,,,,,,,,,,
Georgia,2014,,,3664428,,,,,,,,,,,,,
Georgia,2015,,,3665221,,,,,,,,,,,,,
Georgia,2016,,,3669097,,,,,,,,,,,,,
Georgia,2017,,,3655740,,,,,,,,,,,,,
Georgia,2018,,,3671514,,,,,,,,,,,,,
Georgia,2019,,,3670493,,,,,,,,,,,,,
Georgia,2020,,,3689468,,,,,,,,,,,,,
Georgia,2021,,,3674727,,,,,,,,,,,,,
Georgia,2022,,,3669429,,,,,,,,,,,,,
Georgia,2023,,,3622100,,,,,,,,,,,,,
Georgia,2024,,,3576596,,,,,,,,,,,,,
Germany,1991,,,,,,,,,,,12592921,,,,,
Germany,1992,,,,,,,,,,,11085220,,,,,
Germany,1993,,,,,,,,,,,10747118,,,,,
Germany,1994,,,,,,,,,,,12205488,,,,,
Germany,1995,,,,,,,,,,,11610336,,,,,
Germany,1996,,,,,,,,,,,10643523,,,,,
Germany,1997,,,,,,,,,,,11279046,,,,,
Germany,1998,,,,,,,,,,,9845335,,,,,
Germany,1999,,,,,,,,,,,9642305,,,,,
Germany,2000,,,,,,,,,,,9039388,,,,,
Germany,2001,,,,,,,,,,,9637555,,,,,
Germany,2002,,,,,,,,,,,9069392,,,,,
Germany,2003,,,,,,,,,,,9284927,,,,,
Germany,2004,,,,,,,,,,,9268331,,,,,
Germany,2005,,,,,,,,,,,10496257,,,,,
Germany,2006,,,,,,,,,,,9874003,,,,,
Germany,2007,,,,,,,,,,,9460487,,,,,
Germany,2008,,,,,,,,,,,9435154,,,,,
Germany,2009,,,,,,,,,,,9619324,,,,,
Germany,2010,,,,,,,,,,,8995322,,,,,
Germany,2011,,,,,,,,,,,8829261,,,,,
Germany,2012,,,,,,,,,,,9642451,,,,,
Germany,2013,,,,,,,,,,,9272736,,,,,
Germany,2014,,,,,,,,,,,9716267,,,,,
Germany,2015,,,,,,,,,,,9189062,,,,,
Germany,2016,,,,,,,,,,,8851546,,,,,
Germany,2017,,,,,,,,,,,8671490,,,,,
Germany,2018,,,,,,,,,,,7856633,,,,,
Germany,2019,,,,,,,,,,,7884681,,,,,
Germany,2020,,,,,,,,,,,7214120,,,,,
Ghana,1987,14462838,,,,,,,,,,,,,,,
Ghana,1988,14821690,,,,,,,,,,,,,,,
Ghana,1991,,16071215,,,,,,,,,,,,,,
Ghana,1998,,18764381,,,,,,,,,,,,,,
Ghana,2005,,22804853,,,,,,,,,,,,,,
Ghana,2012,,27134126,,,,,,,,,,,,,,
Ghana,2016,,29685457,,,,,,,,,,,,,,
Greece,1995,,,,,,,,,6441172,,,,,,,
Greece,2000,,,,,,,,,5537311,,,,,,,
Greece,2002,,,,,,,,,,4742045,,,,,,
Greece,2003,,,,,,,,,,,4659341,,,,,
Greece,2004,,,,,,,,,,,4410093,,,,,
Greece,2005,,,,,,,,,,,4435310,,,,,
Greece,2006,,,,,,,,,,,4419768,,,,,
Greece,2007,,,,,,,,,,,4019694,,,,,
Greece,2008,,,,,,,,,,,3903533,,,,,
Greece,2009,,,,,,,,,,,3786902,,,,,
Greece,2010,,,,,,,,,,,4795157,,,,,
Greece,2011,,,,,,,,,,,6100276,,,,,
Greece,2012,,,,,,,,,,,7163151,,,,,
Greece,2013,,,,,,,,,,,7500360,,,,,
Greece,2014,,,,,,,,,,,7469785,,,,,
Greece,2015,,,,,,,,,,,7198467,,,,,
Greece,2016,,,,,,,,,,,7125107,,,,,
Greece,2017,,,,,,,,,,,7066054,,,,,
Greece,2018,,,,,,,,,,,6747726,,,,,
Greece,2019,,,,,,,,,,,6275755,,,,,
Greece,2020,,,,,,,,,,,6217918,,,,,
Greece,2021,,,,,,,,,,,5628896,,,,,
Greece,2022,,,,,,,,,,,5762980,,,,,
Greece,2023,,,,,,,,,,,5490244,,,,,
Grenada,2018,93400,,,,,,,,,,,,,,,
Guatemala,1986,,,,,,,,,8042074,,,,,,,
Guatemala,1989,,,,,,,,,8386702,,,,,,,
Guatemala,1998,,,,,,,,,,10114232,,,,,,
Guatemala,2000,,,,,,,,,,,10259921,,,,,
Guatemala,2006,,,,,,,,,,,11553586,,,,,
Guatemala,2014,,,,,,,,,,,14407977,,,,,
Guatemala,2023,,,,,,,,,,,16886149,,,,,
Guinea,1991,6697166,,,,,,,,,,,,,,,
Guinea,1994,,7270078,,,,,,,,,,,,,,
Guinea,2002,,,8662350,,,,,,,,,,,,,
Guinea,2007,,,,9637804,,,,,,,,,,,,
Guinea,2012,,,,10872365,,,,,,,,,,,,
Guinea,2018,,,,,12856078,,,,,,,,,,,
Guinea-Bissau,1991,981848,,,,,,,,,,,,,,,
Guinea-Bissau,1993,,1053607,,,,,,,,,,,,,,
Guinea-Bissau,2002,,,1287924,,,,,,,,,,,,,
Guinea-Bissau,2010,,,,1566347,,,,,,,,,,,,
Guinea-Bissau,2018,,,,,1936931,,,,,,,,,,,
Guinea-Bissau,2021,,,,,2092726,,,,,,,,,,,
Guyana,1992,,,,,,,,,751438,,,,,,,
Guyana,1998,,,,,,,,,727992,,,,,,,
Haiti,2001,,,,,,,,,8399048,,,,,,,
Haiti,2012,,10019008,,,,,,,,9953543,,,,,,
Honduras,1989,,,,,,,,,,4752554,,,,,,
Honduras,1990,,,,,,,,,,,4902942,,,,,
Honduras,1991,,,,,,,,,,,,5032127,,,,
Honduras,1992,,,,,,,,,,,,5132745,,,,
Honduras,1993,,,,,,,,,,,,5249009,,,,
Honduras,1994,,,,,,,,,,,,5374245,,,,
Honduras,1995,,,,,,,,,,,,5545878,,,,
Honduras,1996,,,,,,,,,,,,5737297,,,,
Honduras,1997,,,,,,,,,,,,5858359,,,,
Honduras,1998,,,,,,,,,,,,5942229,,,,
Honduras,1999,,,,,,,,,,,,6150747,,,,
Honduras,2001,,,,,,,,,,,,,6309658,,,
Honduras,2002,,,,,,,,,,,,,6582100,,,
Honduras,2003,,,,,,,,,,,,,6767573,,,
Honduras,2004,,,,,,,,,,,,,6921724,,,
Honduras,2005,,,,,,,,,,,,,6983569,,,
Honduras,2006,,,,,,,,,,,,,7133213,,,
Honduras,2007,,,,,,,,,,,,,7212333,,,
Honduras,2008,,,,,,,,,,,,,7406296,,,
Honduras,2009,,,,,,,,,,,,,7567519,,,
Honduras,2010,,,,,,,,,,,,,7711158,,,
Honduras,2011,,,,,,,,,,,,,,7896689,,
Honduras,2012,,,,,,,,,,,,,,8168465,,
Honduras,2013,,,,,,,,,,,,,,8372766,,
Honduras,2014,,,,,,,,,,,,,,8507759,,
Honduras,2015,,,,,,,,,,,,,,8701590,,
Honduras,2016,,,,,,,,,,,,,,8767830,,
Honduras,2017,,,,,,,,,,,,,,8976515,,
Honduras,2018,,,,,,,,,,,,,,9169765,,
Honduras,2019,,,,,,,,,,,,,,9354901,,
Honduras,2023,,,,,,,,,,,,,,10055785,,
Honduras,2024,,,,,,,,,,,,,,10155609,,
Honduras (urban),1986,,,,,,,,,1687095,,,,,,,
Hungary,1987,,,,,,,,,9132370,,,,,,,
Hungary,1989,,,,,,,,,10344932,,,,,,,
Hungary,1991,,,,,,,,,,9019962,,,,,,
Hungary,1993,,,,,,,,,9749951,,,,,,,
Hungary,1994,,,,,,,,,,9229375,,,,,,
Hungary,1998,,,,9998586,,,,,,,,,,,,
Hungary,1999,,,,9957451,,,,,,,9544921,,,,,
Hungary,2000,,,,9906859,,,,,,,,,,,,
Hungary,2001,,,,9682301,,,,,,,,,,,,
Hungary,2002,,,,9612189,,,,,,,,,,,,
Hungary,2003,,,,9213728,,,,,,,,,,,,
Hungary,2004,,,,9079330,,,,,,,,,8934340,,,
Hungary,2005,,,,8936319,,,,,,,,,8566280,,,
Hungary,2006,,,,9028570,,,,,,,,,8617397,,,
Hungary,2007,,,,8890566,,,,,,,,,8669864,,,
Hungary,2008,,,,,,,,,,,,,8578977,,,
Hungary,2009,,,,,,,,,,,,,8763944,,,
Hungary,2010,,,,,,,,,,,,,8485319,,,
Hungary,2011,,,,,,,,,,,,,8470611,,,
Hungary,2012,,,,,,,,,,,,,8568843,,,
Hungary,2013,,,,,,,,,,,,,8322548,,,
Hungary,2014,,,,,,,,,,,,,8111103,,,
Hungary,2015,,,,,,,,,,,,,7938158,,,
Hungary,2016,,,,,,,,,,,,,7563646,,,
Hungary,2017,,,,,,,,,,,,,7223768,,,
Iceland,2003,,,,,,,,,39740,,,,,,,
Iceland,2004,,,,,,,,,39855,,,,,,,
Iceland,2005,,,,,,,,,36997,,,,,,,
Iceland,2006,,,,,,,,,26196,,,,,,,
Iceland,2007,,,,,,,,,21903,,,,,,,
Iceland,2008,,,,,,,,,22311,,,,,,,
Iceland,2009,,,,,,,,,34343,,,,,,,
Iceland,2010,,,,,,,,,44136,,,,,,,
Iceland,2011,,,,,,,,,46880,,,,,,,
Iceland,2012,,,,,,,,,45211,,,,,,,
Iceland,2013,,,,,,,,,35748,,,,,,,
Iceland,2014,,,,,,,,,33336,,,,,,,
Iceland,2015,,,,,,,,,26399,,,,,,,
Iceland,2016,,,,,,,,,21960,,,,,,,
Iceland,2017,,,,,,,,,15508,,,,,,,
Iceland,2018,,,,,,,,,26018,,,,,,,
Iceland,2019,,,,,,,,,22150,,,,,,,
India,1977,647764219,,,,,,,,,,,,,,,
India,1983,,737372672,,,,,,,,,,,,,,
India,1987,,,818137152,,,,,,,,,,,,,
India,1993,,,,931267204,,,,,,,,,,,,
India,2004,,,,1144519119,,,,,,,,,,,,
India,2009,,,,1233200691,,,,,,,,,,,,
India,2011,,,,,,,,1267884512,,,,,,,,
India,2022,,,,,,,,1429664137,,,,,,,,
Indonesia,1984,163251120,,,,,,,,,,,,,,,
Indonesia,1987,173511152,,,,,,,,,,,,,,,
Indonesia,1990,183501104,,,,,,,,,,,,,,,
Indonesia,1993,,193235656,,,,,,,,,,,,,,
Indonesia,1996,,202934644,,,,,,,,,,,,,,
Indonesia,1998,,209748642,,,,,,,,,,,,,,
Indonesia,1999,,212860432,,,,,,,,,,,,,,
Indonesia,2000,,,215974191,,,,,,,,,,,,,
Indonesia,2001,,,218953338,,,,,,,,,,,,,
Indonesia,2002,,,,221874115,,,,,,,,,,,,
Indonesia,2003,,,,224934545,,,,,,,,,,,,
Indonesia,2004,,,,227770233,,,,,,,,,,,,
Indonesia,2005,,,,,230669471,,,,,,,,,,,
Indonesia,2006,,,,,233688430,,,,,,,,,,,
Indonesia,2007,,,,,236543227,,,,,,,,,,,
Indonesia,2008,,,,,239638745,,,,,,,,,,,
Indonesia,2009,,,,,242648863,,,,,,,,,,,
Indonesia,2010,,,,,245603300,,,,,,,,,,,
Indonesia,2011,,,,,,247954823,,,,,,,,,,
Indonesia,2012,,,,,,250984020,,,,,,,,,,
Indonesia,2013,,,,,,253666438,,,,,,,,,,
Indonesia,2014,,,,,,256425626,,,,,,,,,,
Indonesia,2015,,,,,,,258625412,,,,,,,,,
Indonesia,2016,,,,,,,261748800,,,,,,,,,
Indonesia,2017,,,,,,,264620702,,,,,,,,,
Indonesia,2018,,,,,,,266864884,,,,,,,,,
Indonesia,2019,,,,,,,269638986,,,,,,,,,
Indonesia,2020,,,,,,,271569037,,,,,,,,,
Indonesia,2021,,,,,,,273053428,,,,,,,,,
Indonesia,2022,,,,,,,274757863,,,,,,,,,
Indonesia,2023,,,,,,,276234498,,,,,,,,,
Indonesia,2024,,,,,,,278686665,,,,,,,,,
Iran,1986,49785879,,,,,,,,,,,,,,,
Iran,1990,57082301,,,,,,,,,,,,,,,
Iran,1994,59654680,,,,,,,,,,,,,,,
Iran,1998,62037783,,,,,,,,,,,,,,,
Iran,2005,,65218656,,,,,,,,,,,,,,
Iran,2006,,65781230,,,,,,,,,,,,,,
Iran,2009,,69359617,,,,,,,,,,,,,,
Iran,2011,,,75397920,,,,,,,,,,,,,
Iran,2012,,,76325624,,,,,,,,,,,,,
Iran,2013,,,77578110,,,,,,,,,,,,,
Iran,2014,,,78818456,,,,,,,,,,,,,
Iran,2015,,,79604793,,,,,,,,,,,,,
Iran,2016,,,80348030,,,,,,,,,,,,,
Iran,2017,,,80613202,,,,,,,,,,,,,
Iran,2018,,,82180574,,,,,,,,,,,,,
Iran,2019,,,84046226,,,,,,,,,,,,,
Iran,2020,,,85059354,,,,,,,,,,,,,
Iran,2021,,,85304141,,,,,,,,,,,,,
Iran,2022,,,86164824,,,,,,,,,,,,,
Iran,2023,,,86647459,,,,,,,,,,,,,
Iraq,2006,27747129,,,,,,,,,,,,,,,
Iraq,2012,32682389,,,,,,,,,,,,,,,
Iraq,2023,,43343452,,,,,,,,,,,,,,
Ireland,1987,,,,,,,,,2973560,,,,,,,
Ireland,1994,,,,,,,,,,2440032,,,,,,
Ireland,1995,,,,,,,,,,2388258,,,,,,
Ireland,1996,,,,,,,,,,2254525,,,,,,
Ireland,2000,,,,,,,,,,1682472,,,,,,
Ireland,2002,,,,,,,,,,,1405642,,,,,
Ireland,2003,,,,,,,,,,,,1400087,,,,
Ireland,2004,,,,,,,,,,,,1349801,,,,
Ireland,2005,,,,,,,,,,,,1241127,,,,
Ireland,2006,,,,,,,,,,,,1049216,,,,
Ireland,2007,,,,,,,,,,,,1066840,,,,
Ireland,2008,,,,,,,,,,,,1290055,,,,
Ireland,2009,,,,,,,,,,,,1407430,,,,
Ireland,2010,,,,,,,,,,,,1473040,,,,
Ireland,2011,,,,,,,,,,,,1582922,,,,
Ireland,2012,,,,,,,,,,,,1627306,,,,
Ireland,2013,,,,,,,,,,,,1638642,,,,
Ireland,2014,,,,,,,,,,,,1437631,,,,
Ireland,2015,,,,,,,,,,,,1358163,,,,
Ireland,2016,,,,,,,,,,,,1237284,,,,
Ireland,2017,,,,,,,,,,,,964216,,,,
Ireland,2018,,,,,,,,,,,,895115,,,,
Ireland,2019,,,,,,,,,,,,776450,,,,
Ireland,2020,,,,,,,,,,,,657006,,,,
Ireland,2021,,,,,,,,,,,,594785,,,,
Ireland,2022,,,,,,,,,,,,664398,,,,
Ireland,2023,,,,,,,,,,,,606861,,,,
Israel,1979,,,,,,,,,2982950,,,,,,,
Israel,1986,,,,,,,,,3384944,,,,,,,
Israel,1992,,,,,,,,,3637004,,,,,,,
Israel,1997,,,,,,,,,4054958,,,,,,,
Israel,2001,,,,,,,,,3941734,,,,,,,
Israel,2002,,,,,,,,,4418030,,,,,,,
Israel,2003,,,,,,,,,4364295,,,,,,,
Israel,2004,,,,,,,,,4271863,,,,,,,
Israel,2005,,,,,,,,,4279145,,,,,,,
Israel,2006,,,,,,,,,4247975,,,,,,,
Israel,2007,,,,,,,,,4127714,,,,,,,
Israel,2008,,,,,,,,,4125729,,,,,,,
Israel,2009,,,,,,,,,4210211,,,,,,,
Israel,2010,,,,,,,,,4210779,,,,,,,
Israel,2011,,,,,,,,,4286553,,,,,,,
Israel,2012,,,,,,,,,4113035,,,,,,,
Israel,2013,,,,,,,,,3989123,,,,,,,
Israel,2014,,,,,,,,,3917795,,,,,,,
Israel,2015,,,,,,,,,3832876,,,,,,,
Israel,2016,,,,,,,,,3802614,,,,,,,
Israel,2017,,,,,,,,,3637229,,,,,,,
Israel,2018,,,,,,,,,3552046,,,,,,,
Israel,2019,,,,,,,,,3734733,,,,,,,
Israel,2020,,,,,,,,,3846945,,,,,,,
Israel,2021,,,,,,,,,3865636,,,,,,,
Italy,1977,,,,,,,,,37318361,,,,,,,
Italy,1978,,,,,,,,,33961245,,,,,,,
Italy,1979,,,,,,,,,31922887,,,,,,,
Italy,1980,,,,,,,,,30754564,,,,,,,
Italy,1981,,,,,,,,,32051034,,,,,,,
Italy,1982,,,,,,,,,29388307,,,,,,,
Italy,1983,,,,,,,,,29829991,,,,,,,
Italy,1984,,,,,,,,,29127864,,,,,,,
Italy,1986,,,,,,,,,30135164,,,,,,,
Italy,1987,,,,,,,,,25185535,,,,,,,
Italy,1989,,,,,,,,,21670470,,,,,,,
Italy,1991,,,,,,,,,20850894,,,,,,,
Italy,1993,,,,,,,,,23561332,,,,,,,
Italy,1995,,,,,,,,,24277264,,,,,,,
Italy,1998,,,,,,,,,21624278,,,,,,,
Italy,2000,,,,,,,,,20780987,,,,,,,
Italy,2002,,,,,,,,,20107068,,,,,,,
Italy,2003,,,,,,,,,,14157036,,,,,,
Italy,2004,,,,,,,,,,13080709,,,,,,
Italy,2005,,,,,,,,,,13536984,,,,,,
Italy,2006,,,,,,,,,,13036203,,,,,,
Italy,2007,,,,,,,,,,12369269,,,,,,
Italy,2008,,,,,,,,,,13466833,,,,,,
Italy,2009,,,,,,,,,,13116328,,,,,,
Italy,2010,,,,,,,,,,13828878,,,,,,
Italy,2011,,,,,,,,,,14807708,,,,,,
Italy,2012,,,,,,,,,,16082071,,,,,,
Italy,2013,,,,,,,,,,16327466,,,,,,
Italy,2014,,,,,,,,,,16275281,,,,,,
Italy,2015,,,,,,,,,,16414946,,,,,,
Italy,2016,,,,,,,,,,15454461,,,,,,
Italy,2017,,,,,,,,,,15517571,,,,,,
Italy,2018,,,,,,,,,,14753744,,,,,,
Italy,2019,,,,,,,,,,13277496,,,,,,
Italy,2020,,,,,,,,,,14030792,,,,,,
Italy,2021,,,,,,,,,,12528950,,,,,,
Italy,2022,,,,,,,,,,12647094,,,,,,
Italy,2023,,,,,,,,,,13133636,,,,,,
Jamaica,1988,2269727,,,,,,,,,,,,,,,
Jamaica,1990,,2313962,,,,,,,,,,,,,,
Jamaica,1993,2434310,,,,,,,,,,,,,,,
Jamaica,1996,,2443194,,,,,,,,,,,,,,
Jamaica,1999,,2397915,,,,,,,,,,,,,,
Jamaica,2002,,2399921,,,,,,,,,,,,,,
Jamaica,2004,,2435019,,,,,,,,,,,,,,
Jamaica,2018,,,2473765,,,,,,,,,,,,,
Jamaica,2021,,,2400833,,,,,,,,,,,,,
Japan,2008,,,,,,,,,37125972,,,,,,,
Japan,2009,,,,,,,,,37453013,,,,,,,
Japan,2010,,,,,,,,,34552646,,,,,,,
Japan,2011,,,,,,,,,39584274,,,,,,,
Japan,2012,,,,,,,,,37622091,,,,,,,
Japan,2013,,,,,,,,,37587625,,,,,,,
Japan,2014,,,,,,,,,37215503,,,,,,,
Japan,2015,,,,,,,,,34951476,,,,,,,
Japan,2016,,,,,,,,,36793486,,,,,,,
Japan,2017,,,,,,,,,37065111,,,,,,,
Japan,2018,,,,,,,,,38348277,,,,,,,
Japan,2019,,,,,,,,,37595183,,,,,,,
Japan,2020,,,,,,,,,35666761,,,,,,,
Jordan,1986,2623007,,,,,,,,,,,,,,,
Jordan,1992,3847753,,,,,,,,,,,,,,,
Jordan,1997,4839387,,,,,,,,,,,,,,,
Jordan,2002,,5257745,,,,,,,,,,,,,,
Jordan,2006,,,5959146,,,,,,,,,,,,,
Jordan,2008,,,,6421015,,,,,,,,,,,,
Jordan,2010,,,,6567835,,,,,,,,,,,,
Kazakhstan,1993,,,,,,,,,17253931,,,,,,,
Kazakhstan,1996,,16313607,,,,,,,,,,,,,,
Kazakhstan,2001,,,15504769,,,,,,,,,,,,,
Kazakhstan,2002,,,15565664,,,,,,,,,,,,,
Kazakhstan,2003,,,15654686,,,,,,,,,,,,,
Kazakhstan,2004,,,15755017,,,,,,,,,,,,,
Kazakhstan,2005,,,,15680025,,,,,,,,,,,,
Kazakhstan,2006,,,,15904837,,,,,,,,,,,,
Kazakhstan,2007,,,,15939035,,,,,,,,,,,,
Kazakhstan,2008,,,,16135049,,,,,,,,,,,,
Kazakhstan,2009,,,,16376906,,,,,,,,,,,,
Kazakhstan,2010,,,,16529059,,,,,,,,,,,,
Kazakhstan,2011,,,,16482254,,,,,,,,,,,,
Kazakhstan,2012,,,,16671418,,,,,,,,,,,,
Kazakhstan,2013,,,,16836388,,,,,,,,,,,,
Kazakhstan,2014,,,,17196373,,,,,,,,,,,,
Kazakhstan,2015,,,,17552380,,,,,,,,,,,,
Kazakhstan,2016,,,,17900253,,,,,,,,,,,,
Kazakhstan,2017,,,,18021613,,,,,,,,,,,,
Kazakhstan,2018,,,,18070058,,,,,,,,,,,,
Kazakhstan,2019,,,,18302456,,,,,,,,,,,,
Kazakhstan,2020,,,,18455775,,,,,,,,,,,,
Kazakhstan,2021,,,,18540267,,,,,,,,,,,,
Kenya,1992,23617094,,,,,,,,,,,,,,,
Kenya,1994,,25592608,,,,,,,,,,,,,,
Kenya,1997,,,27606921,,,,,,,,,,,,,
Kenya,2005,,,,35874347,,,,,,,,,,,,
Kenya,2015,,,,47523721,,,,,,,,,,,,
Kenya,2020,,,,52138216,,,,,,,,,,,,
Kenya,2021,,,,52964318,,,,,,,,,,,,
Kenya,2022,,,,54866857,,,,,,,,,,,,
Kiribati,2006,99230,,,,,,,,,,,,,,,
Kiribati,2019,,124148,,,,,,,,,,,,,,
Kosovo,2003,1825752,,,,,,,,,,,,,,,
Kosovo,2005,1818143,,,,,,,,,,,,,,,
Kosovo,2006,1813079,,,,,,,,,,,,,,,
Kosovo,2009,1793057,,,,,,,,,,,,,,,
Kosovo,2010,1785467,,,,,,,,,,,,,,,
Kosovo,2011,1791869,,,,,,,,,,,,,,,
Kosovo,2012,,1796247,,,,,,,,,,,,,,
Kosovo,2013,,1810953,,,,,,,,,,,,,,
Kosovo,2014,,1805735,,,,,,,,,,,,,,
Kosovo,2015,,1781104,,,,,,,,,,,,,,
Kosovo,2016,,1768057,,,,,,,,,,,,,,
Kosovo,2017,,1769698,,,,,,,,,1718645,,,,,
Kosovo,2018,,,,,,,,,,,1745031,,,,,
Kosovo,2019,,,,,,,,,,,1697152,,,,,
Kosovo,2020,,,,,,,,,,,1591680,,,,,
Kosovo,2021,,,,,,,,,,,1659526,,,,,
Kosovo,2022,,,,,,,,,,,1698222,,,,,
Kyrgyzstan,1998,,,,,,,,,4735006,,,,,,,
Kyrgyzstan,2000,,4898362,,,,,,,,,,,,,,
Kyrgyzstan,2001,,4945073,,,,,,,,,,,,,,
Kyrgyzstan,2002,,4990704,,,,,,,,,,,,,,
Kyrgyzstan,2003,,5043308,,,,,,,,,,,,,,
Kyrgyzstan,2004,,,5090978,,,,,,,,,,,,,
Kyrgyzstan,2005,,,5156621,,,,,,,,,,,,,
Kyrgyzstan,2006,,,5182713,,,,,,,,,,,,,
Kyrgyzstan,2007,,,5254085,,,,,,,,,,,,,
Kyrgyzstan,2008,,,5292637,,,,,,,,,,,,,
Kyrgyzstan,2009,,,5368201,,,,,,,,,,,,,
Kyrgyzstan,2010,,,5451070,,,,,,,,,,,,,
Kyrgyzstan,2011,,,5531811,,,,,,,,,,,,,
Kyrgyzstan,2012,,,5640833,,,,,,,,,,,,,
Kyrgyzstan,2013,,,5767457,,,,,,,,,,,,,
Kyrgyzstan,2014,,,5893527,,,,,,,,,,,,,
Kyrgyzstan,2015,,,6014575,,,,,,,,,,,,,
Kyrgyzstan,2016,,,6165630,,,,,,,,,,,,,
Kyrgyzstan,2017,,,6289291,,,,,,,,,,,,,
Kyrgyzstan,2018,,,6422132,,,,,,,,,,,,,
Kyrgyzstan,2019,,,6534272,,,,,,,,,,,,,
Kyrgyzstan,2020,,,6705141,,,,,,,,,,,,,
Kyrgyzstan,2021,,,6817264,,,,,,,,,,,,,
Kyrgyzstan,2022,,,6959682,,,,,,,,,,,,,
Kyrgyzstan,2023,,,7068832,,,,,,,,,,,,,
Laos,1992,4572494,,,,,,,,,,,,,,,
Laos,1997,5161164,,,,,,,,,,,,,,,
Laos,2002,5622810,,,,,,,,,,,,,,,
Laos,2007,6054750,,,,,,,,,,,,,,,
Laos,2012,,6499078,,,,,,,,,,,,,,
Laos,2018,,7076061,,,,,,,,,,,,,,
Latvia,1993,,,,,,,,,2544783,,,,,,,
Latvia,1995,,,,,,,,,2419376,,,,,,,
Latvia,1996,,,,,,,,,2401271,,,,,,,
Latvia,1997,,2365850,,,,,,,,,,,,,,
Latvia,1998,,2334817,,,,,,,,,,,,,,
Latvia,2002,,2146295,,,,,,,,,,,,,,
Latvia,2003,,2022332,,,,,,,,,,,,,,
Latvia,2004,,2019152,,,,,,,,,2081244,,,,,
Latvia,2005,,,,,,,,,,,1981500,,,,,
Latvia,2006,,,,,,,,,,,1812893,,,,,
Latvia,2007,,1652669,,,,,,,,,1521812,,,,,
Latvia,2008,,1660114,,,,,,,,,1525857,,,,,
Latvia,2009,,1820005,,,,,,,,,1716409,,,,,
Latvia,2010,,,,,,,,,,,1742291,,,,,
Latvia,2011,,,,,,,,,,,1690560,,,,,
Latvia,2012,,,,,,,,,,,1642867,,,,,
Latvia,2013,,,,,,,,,,,1527110,,,,,
Latvia,2014,,,,,,,,,,,1415675,,,,,
Latvia,2015,,,,,,,,,,,1311223,,,,,
Latvia,2016,,,,,,,,,,,1237624,,,,,
Latvia,2017,,,,,,,,,,,1131502,,,,,
Latvia,2018,,,,,,,,,,,1034656,,,,,
Latvia,2019,,,,,,,,,,,974121,,,,,
Latvia,2020,,,,,,,,,,,885259,,,,,
Latvia,2021,,,,,,,,,,,791683,,,,,
Latvia,2022,,,,,,,,,,,867878,,,,,
Latvia,2023,,,,,,,,,,,817747,,,,,
Lebanon,2011,3863209,,,,,,,,,,,,,,,
Lebanon,2022,,5694021,,,,,,,,,,,,,,
Lesotho,1986,1670943,,,,,,,,,,,,,,,
Lesotho,1994,,1906527,,,,,,,,,,,,,,
Lesotho,2002,,,1984035,,,,,,,,,,,,,
Lesotho,2017,,,,2148200,,,,,,,,,,,,
Liberia,2007,3666679,,,,,,,,,,,,,,,
Liberia,2014,,4558164,,,,,,,,,,,,,,
Liberia,2016,,4745286,,,,,,,,,,,,,,
Lithuania,1993,,,,,,,,,3654625,,,,,,,
Lithuania,1996,,3449625,,,,,,,,,,,,,,
Lithuania,1998,,,3383512,,,,,,,,,,,,,
Lithuania,1999,,,3373434,,,,,,,,,,,,,
Lithuania,2000,,,3368601,,,,,,,,,,,,,
Lithuania,2001,,,3339507,,,,,,,,,,,,,
Lithuania,2002,,,3307121,,,,,,,,,,,,,
Lithuania,2003,,,3036240,,,,,,,,,,,,,
Lithuania,2004,,,2955692,,,,,,,,,3046969,,,,
Lithuania,2005,,,,,,,,,,,,2900089,,,,
Lithuania,2006,,,,,,,,,,,,2595845,,,,
Lithuania,2007,,,,,,,,,,,,2275847,,,,
Lithuania,2008,,,2508347,,,,,,,,,2140821,,,,
Lithuania,2009,,,,,,,,,,,,2403663,,,,
Lithuania,2010,,,,,,,,,,,,2504910,,,,
Lithuania,2011,,,,,,,,,,,,2317708,,,,
Lithuania,2012,,,,,,,,,,,,2189365,,,,
Lithuania,2013,,,,,,,,,,,,2112511,,,,
Lithuania,2014,,,,,,,,,,,,1960850,,,,
Lithuania,2015,,,,,,,,,,,,1770557,,,,
Lithuania,2016,,,,,,,,,,,,1662310,,,,
Lithuania,2017,,,,,,,,,,,,1497514,,,,
Lithuania,2018,,,,,,,,,,,,1317181,,,,
Lithuania,2019,,,,,,,,,,,,1145345,,,,
Lithuania,2020,,,,,,,,,,,,905654,,,,
Lithuania,2021,,,,,,,,,,,,873729,,,,
Lithuania,2022,,,,,,,,,,,,1014275,,,,
Lithuania,2023,,,,,,,,,,,,1005438,,,,
Luxembourg,1985,,,,,,,,,69491,,,,,,,
Luxembourg,1986,,,,,,,,,59808,,,,,,,
Luxembourg,1987,,,,,,,,,56444,,,,,,,
Luxembourg,1988,,,,,,,,,41937,,,,,,,
Luxembourg,1989,,,,,,,,,31067,,,,,,,
Luxembourg,1990,,,,,,,,,24688,,,,,,,
Luxembourg,1991,,,,,,,,,26071,,,,,,,
Luxembourg,1992,,,,,,,,,20383,,,,,,,
Luxembourg,1993,,,,,,,,,17491,,,,,,,
Luxembourg,1994,,,,,,,,,,32163,,,,,,
Luxembourg,1995,,,,,,,,,,31410,,,,,,
Luxembourg,1996,,,,,,,,,,37239,,,,,,
Luxembourg,1997,,,,,,,,,,34541,,,,,,
Luxembourg,1998,,,,,,,,,,32700,,,,,,
Luxembourg,1999,,,,,,,,,,31953,,,,,,
Luxembourg,2000,,,,,,,,,,29127,,,,,,
Luxembourg,2001,,,,,,,,,,29462,,,,,,
Luxembourg,2002,,,,,,,,,,,17511,,,,,
Luxembourg,2003,,,,,,,,,,,,30399,,,,
Luxembourg,2004,,,,,,,,,,,,27335,,,,
Luxembourg,2005,,,,,,,,,,,,24112,,,,
Luxembourg,2006,,,,,,,,,,,,24986,,,,
Luxembourg,2007,,,,,,,,,,,,24522,,,,
Luxembourg,2008,,,,,,,,,,,,29904,,,,
Luxembourg,2009,,,,,,,,,,,,23936,,,,
Luxembourg,2010,,,,,,,,,,,,27795,,,,
Luxembourg,2011,,,,,,,,,,,,34422,,,,
Luxembourg,2012,,,,,,,,,,,,43369,,,,
Luxembourg,2013,,,,,,,,,,,,38482,,,,
Luxembourg,2014,,,,,,,,,,,,31734,,,,
Luxembourg,2015,,,,,,,,,,,,49987,,,,
Luxembourg,2016,,,,,,,,,,,,37972,,,,
Luxembourg,2017,,,,,,,,,,,,52559,,,,
Luxembourg,2018,,,,,,,,,,,,51929,,,,
Luxembourg,2019,,,,,,,,,,,,40818,,,,
Luxembourg,2020,,,,,,,,,,,,30470,,,,
Luxembourg,2021,,,,,,,,,,,,31062,,,,
Luxembourg,2022,,,,,,,,,,,,21444,,,,
Luxembourg,2023,,,,,,,,,,,,30345,,,,
Madagascar,1980,8961632,,,,,,,,,,,,,,,
Madagascar,1993,,13279373,,,,,,,,,,,,,,
Madagascar,1997,,,14982213,,,,,,,,,,,,,
Madagascar,1999,,,15999372,,,,,,,,,,,,,
Madagascar,2001,,,,16944980,,,,,,,,,,,,
Madagascar,2005,,,,19075974,,,,,,,,,,,,
Madagascar,2010,,,,22123114,,,,,,,,,,,,
Madagascar,2012,,,,23908419,,,,,,,,,,,,
Madagascar,2021,,,,,30242685,,,,,,,,,,,
Malawi,1997,10668458,,,,,,,,,,,,,,,
Malawi,2004,,12552381,,,,,,,,,,,,,,
Malawi,2010,,14863758,,,,,,,,,,,,,,
Malawi,2016,,17677891,,,,,,,,,,,,,,
Malawi,2019,,19172059,,,,,,,,,,,,,,
Malaysia,1984,,,,,,,,,13387897,,,,,,,
Malaysia,1987,,,,,,,,,14840477,,,,,,,
Malaysia,1989,,,,,,,,,15874561,,,,,,,
Malaysia,1992,,,,,,,,,16767290,,,,,,,
Malaysia,1995,,,,,,,,,17972454,,,,,,,
Malaysia,1997,,,,,,,,,17764303,,,,,,,
Malaysia,2003,,,,,,,,,,20739156,,,,,,
Malaysia,2006,,,,,,,,,,21530160,,,,,,
Malaysia,2008,,,,,,,,,,22128341,,,,,,
Malaysia,2011,,,,,,,,,,21101905,,,,,,
Malaysia,2013,,,,,,,,,,20045056,,,,,,
Malaysia,2015,,,,,,,,,,19121913,,,,,,
Malaysia,2018,,,,,,,,,,18017343,,,,,,
Malaysia,2021,,,,,,,,,,17534487,,,,,,
Maldives,2002,292614,,,,,,,,,,,,,,,
Maldives,2009,,347182,,,,,,,,,,,,,,
Maldives,2016,,,394936,,,,,,,,,,,,,
Maldives,2019,,,,441170,,,,,,,,,,,,
Mali,1994,9958031,,,,,,,,,,,,,,,
Mali,2001,,11932901,,,,,,,,,,,,,,
Mali,2006,,,14103404,,,,,,,,,,,,,
Mali,2009,,,15889114,,,,,,,,,,,,,
Mali,2018,,,,20710472,,,,,,,,,,,,
Mali,2021,,,,22730532,,,,,,,,,,,,
Malta,2006,,,,,,,,,167403,,,,,,,
Malta,2007,,,,,,,,,148759,,,,,,,
Malta,2008,,,,,,,,,143275,,,,,,,
Malta,2009,,,,,,,,,155776,,,,,,,
Malta,2010,,,,,,,,,143456,,,,,,,
Malta,2011,,,,,,,,,139724,,,,,,,
Malta,2012,,,,,,,,,127235,,,,,,,
Malta,2013,,,,,,,,,114187,,,,,,,
Malta,2014,,,,,,,,,102022,,,,,,,
Malta,2015,,,,,,,,,106677,,,,,,,
Malta,2016,,,,,,,,,90357,,,,,,,
Malta,2017,,,,,,,,,92933,,,,,,,
Malta,2018,,,,,,,,,89994,,,,,,,
Malta,2019,,,,,,,,,78212,,,,,,,
Malta,2020,,,,,,,,,73414,,,,,,,
Malta,2021,,,,,,,,,58869,,,,,,,
Malta,2022,,,,,,,,,77331,,,,,,,
Marshall Islands,2019,40883,,,,,,,,,,,,,,,
Mauritania,1987,1800850,,,,,,,,,,,,,,,
Mauritania,1993,,2154063,,,,,,,,,,,,,,
Mauritania,1995,,,2327837,,,,,,,,,,,,,
Mauritania,2000,,,,2637402,,,,,,,,,,,,
Mauritania,2004,,,,2877836,,,,,,,,,,,,
Mauritania,2008,,,,3192089,,,,,,,,,,,,
Mauritania,2014,,,,3823717,,,,,,,,,,,,
Mauritania,2019,,,,4521489,,,,,,,,,,,,
Mauritius,2006,1157560,,,,,,,,,,,,,,,
Mauritius,2012,1147843,,,,,,,,,,,,,,,
Mauritius,2017,1131872,,,,,,,,,,,,,,,
Mexico,1984,,,,,,,,,69583726,,,,,,,
Mexico,1989,,,,,,,,,76968355,,,,,,,
Mexico,1992,,,,,,,,,79231144,,,,,,,
Mexico,1994,,,,,,,,,81709605,,,,,,,
Mexico,1996,,,,,,,,,87818154,,,,,,,
Mexico,1998,,,,,,,,,90186302,,,,,,,
Mexico,2000,,,,,,,,,91112524,,,,,,,
Mexico,2002,,,,,,,,,93860898,,,,,,,
Mexico,2004,,,,,,,,,96020697,,,,,,,
Mexico,2005,,,,,,,,,97141543,,,,,,,
Mexico,2006,,,,,,,,,97458776,,,,,,,
Mexico,2008,,,,,,,,,99614331,,,,,,,
Mexico,2010,,,,,,,,,104100295,,,,,,,
Mexico,2012,,,,,,,,,105228065,,,,,,,
Mexico,2014,,,,,,,,,109784417,,,,,,,
Mexico,2016,,,,,,,,,,109635375,,,,,,
Mexico,2018,,,,,,,,,,111554690,,,,,,
Mexico,2020,,,,,,,,,,114502638,,,,,,
Mexico,2022,,,,,,,,,,112721574,,,,,,
Micronesia (country),2005,,108364,,,,,,,,,,,,,,
Micronesia (country),2013,,,107361,,,,,,,,,,,,,
Micronesia (country) (urban),2000,,,,,,,,,24414,,,,,,,
Moldova,1997,2917722,,,,,,,,,,,,,,,
Moldova,1998,2920858,,,,,,,,,,,,,,,
Moldova,1999,2913174,,,,,,,,,,,,,,,
Moldova,2000,2918742,,,,,,,,,,,,,,,
Moldova,2001,2899545,,,,,,,,,,,,,,,
Moldova,2002,2893115,,,,,,,,,,,,,,,
Moldova,2003,2866926,,,,,,,,,,,,,,,
Moldova,2004,2863029,,,,,,,,,,,,,,,
Moldova,2005,,2866671,,,,,,,,,,,,,,
Moldova,2006,,,2775265,,,,,,,,,,,,,
Moldova,2007,,,2731284,,,,,,,,,,,,,
Moldova,2008,,,2739446,,,,,,,,,,,,,
Moldova,2009,,,2750977,,,,,,,,,,,,,
Moldova,2010,,,2741120,,,,,,,,,,,,,
Moldova,2011,,,2743566,,,,,,,,,,,,,
Moldova,2012,,,2754311,,,,,,,,,,,,,
Moldova,2013,,,2742209,,,,,,,,,,,,,
Moldova,2014,,,2762539,,,,,,,,,,,,,
Moldova,2015,,,2718222,,,,,,,,,,,,,
Moldova,2016,,,2707415,,,,,,,,,,,,,
Moldova,2017,,,2666435,,,,,,,,,,,,,
Moldova,2018,,,2596888,,,,,,,,,,,,,
Moldova,2019,,,,2543717,,,,,,,,,,,,
Moldova,2020,,,,2561145,,,,,,,,,,,,
Moldova,2021,,,,2494704,,,,,,,,,,,,
Moldova,2022,,,,2439187,,,,,,,,,,,,
Moldova,2023,,,,2356838,,,,,,,,,,,,
Mongolia,1995,2224945,,,,,,,,,,,,,,,
Mongolia,1998,2323809,,,,,,,,,,,,,,,
Mongolia,2002,,2448829,,,,,,,,,,,,,,
Mongolia,2007,,,2559052,,,,,,,,,,,,,
Mongolia,2010,,,,2687588,,,,,,,,,,,,
Mongolia,2011,,,,2716731,,,,,,,,,,,,
Mongolia,2012,,,,2720567,,,,,,,,,,,,
Mongolia,2014,,,,2838938,,,,,,,,,,,,
Mongolia,2016,,,,3017174,,,,,,,,,,,,
Mongolia,2018,,,,3114961,,,,,,,,,,,,
Mongolia,2022,,,,,3235077,,,,,,,,,,,
Montenegro,2005,567274,,,,,,,,,,,,,,,
Montenegro,2006,566587,,,,,,,,,,,,,,,
Montenegro,2007,524705,,,,,,,,,,,,,,,
Montenegro,2008,517782,,,,,,,,,,,,,,,
Montenegro,2009,521566,,,,,,,,,,,,,,,
Montenegro,2010,553828,,,,,,,,,,,,,,,
Montenegro,2011,552011,,,,,,,,,,,,,,,
Montenegro,2012,552758,,,,,,,,,543189,,,,,,
Montenegro,2013,549163,,,,,,,,,543070,,,,,,
Montenegro,2014,548588,,,,,,,,,535198,,,,,,
Montenegro,2015,,,,,,,,,,536001,,,,,,
Montenegro,2016,,,,,,,,,,522690,,,,,,
Montenegro,2017,,,,,,,,,,525083,,,,,,
Montenegro,2018,,,,,,,,,,531687,,,,,,
Montenegro,2019,,,,,,,,,,521842,,,,,,
Montenegro,2020,,,,,,,,,,528481,,,,,,
Montenegro,2021,,,,,,,,,,511852,,,,,,
Morocco,1984,21681439,,,,,,,,,,,,,,,
Morocco,1990,24175316,,,,,,,,,,,,,,,
Morocco,1998,27261748,,,,,,,,,,,,,,,
Morocco,2000,,28277894,,,,,,,,,,,,,,
Morocco,2006,,30182374,,,,,,,,,,,,,,
Morocco,2013,,32326687,,,,,,,,,,,,,,
Mozambique,1996,16596119,,,,,,,,,,,,,,,
Mozambique,2002,19127897,,,,,,,,,,,,,,,
Mozambique,2008,22141103,,,,,,,,,,,,,,,
Mozambique,2014,25936523,,,,,,,,,,,,,,,
Mozambique,2019,30611713,,,,,,,,,,,,,,,
Mozambique,2022,32643782,,,,,,,,,,,,,,,
Myanmar,2015,50738770,,,,,,,,,,,,,,,
Myanmar,2017,51641070,,,,,,,,,,,,,,,
Namibia,1993,,,,,,,,,1479522,,,,,,,
Namibia,2003,,1833697,,,,,,,,,,,,,,
Namibia,2009,,1985819,,,,,,,,,,,,,,
Namibia,2015,,2173304,,,,,,,,,,,,,,
Nauru,2012,10331,,,,,,,,,,,,,,,
Nepal,1984,,,,,,,,,17281468,,,,,,,
Nepal,1995,,22471646,,,,,,,,,,,,,,
Nepal,2003,,25569246,,,,,,,,,,,,,,
Nepal,2010,,,27281546,,,,,,,,,,,,,
Nepal,2022,,,,29351146,,,,,,,,,,,,
Netherlands,1983,,,,,,,,,5312197,,,,,,,
Netherlands,1987,,,,,,,,,4141359,,,,,,,
Netherlands,1990,,,,,,,,,2795315,,,,,,,
Netherlands,1993,,,,,,,,,,3516611,,,,,,
Netherlands,1999,,,,,,,,,,1933472,,,,,,
Netherlands,2004,,,,,,,,,,,2227891,,,,,
Netherlands,2005,,,,,,,,,,,2039685,,,,,
Netherlands,2006,,,,,,,,,,,1792984,,,,,
Netherlands,2007,,,,,,,,,,,1461248,,,,,
Netherlands,2008,,,,,,,,,,,1597253,,,,,
Netherlands,2009,,,,,,,,,,,1477652,,,,,
Netherlands,2010,,,,,,,,,,,1589981,,,,,
Netherlands,2011,,,,,,,,,,,1594833,,,,,
Netherlands,2012,,,,,,,,,,,1586114,,,,,
Netherlands,2013,,,,,,,,,,,1858829,,,,,
Netherlands,2014,,,,,,,,,,,1823354,,,,,
Netherlands,2015,,,,,,,,,,,1496180,,,,,
Netherlands,2016,,,,,,,,,,,1410859,,,,,
Netherlands,2017,,,,,,,,,,,1301434,,,,,
Netherlands,2018,,,,,,,,,,,1304486,,,,,
Netherlands,2019,,,,,,,,,,,1318876,,,,,
Netherlands,2020,,,,,,,,,,,985188,,,,,
Netherlands,2021,,,,,,,,,,,991050,,,,,
Nicaragua,1993,4359433,,,,,,,,4352954,,,,,,,
Nicaragua,1998,4801206,,,,,,,,4760406,,,,,,,
Nicaragua,2001,5025873,,,,,,,,4919980,,,,,,,
Nicaragua,2005,,5290543,,,,,,,,5122183,,,,,,
Nicaragua,2009,,,,,,,,,,5470621,,,,,,
Nicaragua,2014,,,,,,,,,,5666109,,,,,,
Niger,1992,9052337,,,,,,,,,,,,,,,
Niger,1994,,9509565,,,,,,,,,,,,,,
Niger,2005,,,13723017,,,,,,,,,,,,,
Niger,2007,,,,14968308,,,,,,,,,,,,
Niger,2011,,,,,17173742,,,,,,,,,,,
Niger,2014,,,,,19208502,,,,,,,,,,,
Niger,2018,,,,,,22566173,,,,,,,,,,
Niger,2021,,,,,,24875568,,,,,,,,,,
Nigeria,1985,85482464,,,,,,,,,,,,,,,
Nigeria,1992,,102339653,,,,,,,,,,,,,,
Nigeria,1996,,,113706721,,,,,,,,,,,,,
Nigeria,2003,,,,139555854,,,,,,,,,,,,
Nigeria,2010,,,,,168910509,,,,,,,,,,,
Nigeria,2012,,,,,178517570,,,,,,,,,,,
Nigeria,2015,,,,,192890398,,,,,,,,,,,
Nigeria,2018,,,,,,208056753,,,,,,,,,,
Nigeria,2022,,,,,,226332361,,,,,,,,,,
North Macedonia,1998,1986765,,,,,,,,,,,,,,,
North Macedonia,2000,,2001136,,,,,,,,,,,,,,
North Macedonia,2002,,1868812,,,,,,,,,,,,,,
North Macedonia,2003,,1877815,,,,,,,,,,,,,,
North Macedonia,2004,,1765545,,,,,,,,,,,,,,
North Macedonia,2005,,1813278,,,,,,,,,,,,,,
North Macedonia,2006,,1772885,,,,,,,,,,,,,,
North Macedonia,2008,,1605184,,,,,,,,,,,,,,
North Macedonia,2009,,,,,,,,,,,1855865,,,,,
North Macedonia,2010,,,,,,,,,,,1857538,,,,,
North Macedonia,2011,,,,,,,,,,,1832147,,,,,
North Macedonia,2012,,,,,,,,,,,1833843,,,,,
North Macedonia,2013,,,,,,,,,,,1838624,,,,,
North Macedonia,2014,,,,,,,,,,,1814514,,,,,
North Macedonia,2015,,,,,,,,,,,1800612,,,,,
North Macedonia,2016,,,,,,,,,,,1780661,,,,,
North Macedonia,2017,,,,,,,,,,,1765103,,,,,
North Macedonia,2018,,,,,,,,,,,1738396,,,,,
North Macedonia,2019,,,,,,,,,,,1659337,,,,,
Norway,1979,,,,,,,,,2157740,,,,,,,
Norway,1986,,,,,,,,,988962,,,,,,,
Norway,1991,,,,,,,,,820336,,,,,,,
Norway,1995,,,,,,,,,827669,,,,,,,
Norway,2000,,,,,,,,,426523,,,,,,,
Norway,2003,,,,,,,,,,389574,,,,,,
Norway,2004,,,,,,,,,,411204,,,,,,
Norway,2005,,,,,,,,,,358608,,,,,,
Norway,2006,,,,,,,,,,406981,,,,,,
Norway,2007,,,,,,,,,,276318,,,,,,
Norway,2008,,,,,,,,,,282748,,,,,,
Norway,2009,,,,,,,,,,263719,,,,,,
Norway,2010,,,,,,,,,,234454,,,,,,
Norway,2011,,,,,,,,,,187568,,,,,,
Norway,2012,,,,,,,,,,204133,,,,,,
Norway,2013,,,,,,,,,,170009,,,,,,
Norway,2014,,,,,,,,,,203134,,,,,,
Norway,2015,,,,,,,,,,210133,,,,,,
Norway,2016,,,,,,,,,,246311,,,,,,
Norway,2017,,,,,,,,,,252893,,,,,,
Norway,2018,,,,,,,,,,259948,,,,,,
Norway,2019,,,,,,,,,,236882,,,,,,
Norway,2020,,,,,,,,,,263462,,,,,,
Norway,2021,,,,,,,,,,221836,,,,,,
Norway,2022,,,,,,,,,,209332,,,,,,
Norway,2023,,,,,,,,,,208155,,,,,,
Pakistan,1987,105124209,,,,,,,,,,,,,,,
Pakistan,1990,118071568,,,,,,,,,,,,,,,
Pakistan,1996,140382100,,,,,,,,,,,,,,,
Pakistan,1998,148108844,,,,,,,,,,,,,,,
Pakistan,2001,,161134886,,,,,,,,,,,,,,
Pakistan,2004,,173041559,,,,,,,,,,,,,,
Pakistan,2005,,177124191,,,,,,,,,,,,,,
Pakistan,2007,,186624685,,,,,,,,,,,,,,
Pakistan,2010,,201113192,,,,,,,,,,,,,,
Pakistan,2011,,205196765,,,,,,,,,,,,,,
Pakistan,2013,,211952404,,,,,,,,,,,,,,
Pakistan,2015,,217519557,,,,,,,,,,,,,,
Pakistan,2018,,228136649,,,,,,,,,,,,,,
Palestine,2004,3075440,,,,,,,,,,,,,,,
Palestine,2005,3117364,,,,,,,,,,,,,,,
Palestine,2006,3212072,,,,,,,,,,,,,,,
Palestine,2007,3315178,,,,,,,,,,,,,,,
Palestine,2009,3420639,,,,,,,,,,,,,,,
Palestine,2010,,3496307,,,,,,,,,,,,,,
Palestine,2011,,3577920,,,,,,,,,,,,,,
Palestine,2016,,4121879,,,,,,,,,,,,,,
Palestine,2023,,4745655,,,,,,,,,,,,,,
Panama,1979,,,,,,,,,1759488,,,,,,,
Panama,1989,,,,,,,,,,2224075,,,,,,
Panama,1991,,,,,,,,,,,2304593,,,,,
Panama,1995,,,,,,,,,,,,2424330,,,,
Panama,1997,,,,,,,,,,,,2494570,,,,
Panama,1998,,,,,,,,,,,,2575072,,,,
Panama,1999,,,,,,,,,,,,2589145,,,,
Panama,2000,,,,,,,,,,,,2624435,,,,
Panama,2001,,,,,,,,,,,,,2736511,,,
Panama,2002,,,,,,,,,,,,,2752918,,,
Panama,2003,,,,,,,,,,,,,2780043,,,
Panama,2004,,,,,,,,,,,,,2815770,,,
Panama,2005,,,,,,,,,,,,,2881293,,,
Panama,2006,,,,,,,,,,,,,2933437,,,
Panama,2007,,,,,,,,,,,,,2974284,,,
Panama,2008,,,,,,,,,,,,,,2910988,,
Panama,2009,,,,,,,,,,,,,,2960727,,
Panama,2010,,,,,,,,,,,,,,2975888,,
Panama,2011,,,,,,,,,,,,,,2928954,,
Panama,2012,,,,,,,,,,,,,,2971086,,
Panama,2013,,,,,,,,,,,,,,2977070,,
Panama,2014,,,,,,,,,,,,,,3005967,,
Panama,2015,,,,,,,,,,,,,,2939372,,
Panama,2016,,,,,,,,,,,,,,2883565,,
Panama,2017,,,,,,,,,,,,,,2949116,,
Panama,2018,,,,,,,,,,,,,,2884247,,
Panama,2019,,,,,,,,,,,,,,2910559,,
Panama,2021,,,,,,,,,,,,,,3177657,,
Panama,2023,,,,,,,,,,,,,,3208452,,
Panama,2024,,,,,,,,,,,,,,3170498,,
Papua New Guinea,1996,4806192,,,,,,,,,,,,,,,
Papua New Guinea,2009,,7551862,,,,,,,,,,,,,,
Paraguay,1990,,,,,,,,,3555125,,,,,,,
Paraguay,1995,,,,,,,,,4102479,,,,,,,
Paraguay,1997,,,,,,,,,,4157363,,,,,,
Paraguay,1999,,,,,,,,,,,4456620,,,,,
Paraguay,2001,,,,,,,,,,4640463,,,,,,
Paraguay,2002,,,,,,,,,,,,4926335,,,,
Paraguay,2003,,,,,,,,,,,,4865038,,,,
Paraguay,2004,,,,,,,,,,,,4969964,,,,
Paraguay,2005,,,,,,,,,,,,4949337,,,,
Paraguay,2006,,,,,,,,,,,,5077109,,,,
Paraguay,2007,,,,,,,,,,,,5088606,,,,
Paraguay,2008,,,,,,,,,,,,5067427,,,,
Paraguay,2009,,,,,,,,,,,,5179228,,,,
Paraguay,2010,,,,,,,,,,,,5148849,,,,
Paraguay,2011,,,,,,,,,,,,5082249,,,,
Paraguay,2012,,,,,,,,,,,,5143666,,,,
Paraguay,2013,,,,,,,,,,,,5020145,,,,
Paraguay,2014,,,,,,,,,,,,5106574,,,,
Paraguay,2015,,,,,,,,,,,,5152087,,,,
Paraguay,2016,,,,,,,,,,,,5319985,,,,
Paraguay,2017,,,,,,,,,,,,5413439,,,,
Paraguay,2018,,,,,,,,,,,,5375749,,,,
Paraguay,2019,,,,,,,,,,,,5385738,,,,
Paraguay,2020,,,,,,,,,,,,5702662,,,,
Paraguay,2021,,,,,,,,,,,,5793058,,,,
Paraguay,2022,,,,,,,,,,,,,5720362,,,
Paraguay,2023,,,,,,,,,,,,,5734053,,,
Paraguay,2024,,,,,,,,,,,,,5763952,,,
Peru,1985,18086915,,,,,,,,,,,,,,,
Peru,1994,23534377,,,,,,,,,,,,,,,
Peru,1997,,,,,,,,,,24184130,,,,,,
Peru,1998,,,,,,,,,,24366812,,,,,,
Peru,1999,,,,,,,,,,24820840,,,,,,
Peru,2000,,,,,,,,,,,25666362,,,,,
Peru,2001,,,,,,,,,,,26034967,,,,,
Peru,2002,,,,,,,,,,,26017202,,,,,
Peru,2003,,,,,,,,,,,26155018,,,,,
Peru,2004,,,,,,,,,,,,26741211,,,,
Peru,2005,,,,,,,,,,,,27047487,,,,
Peru,2006,,,,,,,,,,,,26983365,,,,
Peru,2007,,,,,,,,,,,,26881500,,,,
Peru,2008,,,,,,,,,,,,27009628,,,,
Peru,2009,,,,,,,,,,,,27095277,,,,
Peru,2010,,,,,,,,,,,,27196953,,,,
Peru,2011,,,,,,,,,,,,27339356,,,,
Peru,2012,,,,,,,,,,,,27266607,,,,
Peru,2013,,,,,,,,,,,,27402394,,,,
Peru,2014,,,,,,,,,,,,27701281,,,,
Peru,2015,,,,,,,,,,,,28012367,,,,
Peru,2016,,,,,,,,,,,,28101113,,,,
Peru,2017,,,,,,,,,,,,28675277,,,,
Peru,2018,,,,,,,,,,,,28937624,,,,
Peru,2019,,,,,,,,,,,,29471275,,,,
Peru,2020,,,,,,,,,,,,30983076,,,,
Peru,2021,,,,,,,,,,,,31110232,,,,
Peru,2022,,,,,,,,,,,,31219212,,,,
Peru,2023,,,,,,,,,,,,31471789,,,,
Peru,2024,,,,,,,,,,,,31765180,,,,
Philippines,1985,54850809,,,,,,,,,,,,,,,
Philippines,1988,59441251,,,,,,,,,,,,,,,
Philippines,1991,63713317,,,,,,,,,,,,,,,
Philippines,1994,68356013,,,,,,,,,,,,,,,
Philippines,1997,,72770675,,,,,,,,,,,,,,
Philippines,2000,,,78621830,,,,,,,,77557425,,,,,
Philippines,2003,,,,83690685,,,,,,,,82593660,,,,
Philippines,2006,,,,88311195,,,,,,,,87201648,,,,
Philippines,2009,,,,92999894,,,,,,,,91849841,,,,
Philippines,2012,,,,98687898,,,,,,,,97163765,,,,
Philippines,2015,,,,103766913,,,,,,,,101801916,,,,
Philippines,2018,,,,107936643,,,,,,,,105376583,,,,
Philippines,2021,,,,111888764,,,,,,,,109568570,,,,
Philippines,2023,,,,113738399,,,,,,,,111295385,,,,
Poland,1985,,,,,,,,,35050870,,,,,,,
Poland,1986,,,,,,,,,34738989,,,,,,,
Poland,1987,,,,,,,,,35247872,,,,,,,
Poland,1989,,,,,,,,,29748551,,,,,,,
Poland,1992,,,,,,,,,34332343,,,,,,,
Poland,1993,,38342561,,,,,,,,,,,,,,
Poland,1995,,,,,,,,,36085890,,,,,,,
Poland,1996,,38224219,,,,,,,,,,,,,,
Poland,1998,,,35577498,,,,,,,,,,,,,
Poland,1999,,,35636710,,,,,,34697358,,,,,,,
Poland,2000,,,35155977,,,,,,,,,,,,,
Poland,2001,,,35159740,,,,,,,,,,,,,
Poland,2002,,,34990072,,,,,,,,,,,,,
Poland,2003,,,33706256,,,,,,,,,,,,,
Poland,2004,,,33007330,,,,,,,,,32374613,,,,
Poland,2005,,,34617678,,,,,,,,,31589252,,,,
Poland,2006,,,33934038,,,,,,,,,30715054,,,,
Poland,2007,,,33275683,,,,,,,,,28603067,,,,
Poland,2008,,,32390869,,,,,,,,,26723557,,,,
Poland,2009,,,32122302,,,,,,,,,26524281,,,,
Poland,2010,,,31829242,,,,,,,,,25812744,,,,
Poland,2011,,,32193225,,,,,,,,,25490167,,,,
Poland,2012,,,32257550,,,,,,,,,25490695,,,,
Poland,2013,,,32069189,,,,,,,,,24901308,,,,
Poland,2014,,,31806625,,,,,,,,,24320414,,,,
Poland,2015,,,31478640,,,,,,,,,22314953,,,,
Poland,2016,,,30846394,,,,,,,,,20976143,,,,
Poland,2017,,,30557418,,,,,,,,,19433156,,,,
Poland,2018,,,30866064,,,,,,,,,17542068,,,,
Poland,2019,,,30374033,,,,,,,,,14328703,,,,
Poland,2020,,,,,,,,,,,,13140846,,,,
Poland,2021,,,,,,,,,,,,11328665,,,,
Poland,2022,,,,,,,,,,,,11091576,,,,
Poland,2023,,,,,,,,,,,,10527717,,,,
Portugal,2003,,,,,,,,,6423606,,,,,,,
Portugal,2004,,,,,,,,,6433290,,,,,,,
Portugal,2005,,,,,,,,,6453879,,,,,,,
Portugal,2006,,,,,,,,,6173339,,,,,,,
Portugal,2007,,,,,,,,,5960242,,,,,,,
Portugal,2008,,,,,,,,,6046872,,,,,,,
Portugal,2009,,,,,,,,,5644135,,,,,,,
Portugal,2010,,,,,,,,,5882237,,,,,,,
Portugal,2011,,,,,,,,,6236786,,,,,,,
Portugal,2012,,,,,,,,,6534920,,,,,,,
Portugal,2013,,,,,,,,,6399500,,,,,,,
Portugal,2014,,,,,,,,,6273883,,,,,,,
Portugal,2015,,,,,,,,,5881314,,,,,,,
Portugal,2016,,,,,,,,,5756336,,,,,,,
Portugal,2017,,,,,,,,,5581121,,,,,,,
Portugal,2018,,,,,,,,,5150518,,,,,,,
Portugal,2019,,,,,,,,,4496908,,,,,,,
Portugal,2020,,,,,,,,,4365660,,,,,,,
Portugal,2021,,,,,,,,,4502335,,,,,,,
Portugal,2022,,,,,,,,,4672048,,,,,,,
Portugal,2023,,,,,,,,,4285130,,,,,,,
Qatar,2017,,,,,,,,,276014,,,,,,,
Romania,1989,,,,,,,,,20938653,,,,,,,
Romania,1992,,,,,,,,,22425245,,,,,,,
Romania,1994,,,,,,,,,22730212,,,,,,,
Romania,1995,,,,,,,,,22343680,,,,,,,
Romania,1997,,,,,,,,,22271993,,,,,,,
Romania,1998,,22223411,,,,,,,,,,,,,,
Romania,1999,,,22409144,,,,,,,,,,,,,
Romania,2000,,22391967,,,,,,,,,,,,,,
Romania,2001,,,22051010,,,,,,,,,,,,,
Romania,2002,,,21620346,,,,,,,,,,,,,
Romania,2003,,,21468877,,,,,,,,,,,,,
Romania,2004,,,21337929,,,,,,,,,,,,,
Romania,2005,,,21180927,,,,,,,,,,,,,
Romania,2006,,,21044922,,,,,,,,,20445602,,,,
Romania,2007,,,20512164,,,,,,,,,20033004,,,,
Romania,2008,,,19963238,,,,,,,,,19407950,,,,
Romania,2009,,,19857262,,,,,,,,,19221805,,,,
Romania,2010,,,19849511,,,,,,,,,19344389,,,,
Romania,2011,,,19809073,,,,,,,,,19426419,,,,
Romania,2012,,,19706496,,,,,,,,,19310909,,,,
Romania,2013,,,19605845,,,,,,,,,19282956,,,,
Romania,2014,,,,,,,,,,,,19152551,,,,
Romania,2015,,,,,,,,,,,,18752888,,,,
Romania,2016,,,18999420,,,,,,,,,18158945,,,,
Romania,2017,,,,,,,,,,,,16054964,,,,
Romania,2018,,,18118679,,,,,,,,,14824165,,,,
Romania,2019,,,17713301,,,,,,,,,13952789,,,,
Romania,2020,,,17842050,,,,,,,,,12361532,,,,
Romania,2021,,,17216814,,,,,,,,,11262682,,,,
Romania,2022,,,,,,,,,,,,10605619,,,,
Romania,2023,,,,,,,,,,,,9610766,,,,
Russia,1993,133079937,,,,,,,,,,,,,,,
Russia,1996,133453758,,,,,,,,,,,,,,,
Russia,1997,,136961741,,,,,,,,,,,,,,
Russia,1998,,138772469,,,,,,,,,,,,,,
Russia,1999,,143218354,,,,,,,,,,,,,,
Russia,2000,,141454384,,,,,,,,,,,,,,
Russia,2001,,138197157,,,,,,,,,,,,,,
Russia,2002,,134579478,,,,,,,,,,,,,,
Russia,2003,,129276450,,,,,,,,,,,,,,
Russia,2004,,126324488,,,,,,,,,,,,,,
Russia,2005,,121876035,,,,,,,,,,,,,,
Russia,2006,,117918309,,,,,,,,,,,,,,
Russia,2007,,111624755,,,,,,,,,,,,,,
Russia,2008,,106645417,,,,,,,,,,,,,,
Russia,2009,,108946623,,,,,,,,,,,,,,
Russia,2010,,103975256,,,,,,,,,,,,,,
Russia,2011,,102366717,,,,,,,,,,,,,,
Russia,2012,,100066946,,,,,,,,,,,,,,
Russia,2013,,98997987,,,,,,,,,,,,,,
Russia,2014,,100044248,,,,,,,,,,60231429,,,,
Russia,2015,,,105102964,,,,,,,,,67263703,,,,
Russia,2016,,,105667989,,,,,,,,,71592700,,,,
Russia,2017,,,106574610,,,,,,,,,72806161,,,,
Russia,2018,,,106741622,,,,,,,,,71134532,,,,
Russia,2019,,,103543216,,,,,,,,,70397873,,,,
Russia,2020,,,107510866,,,,,,,,,69312857,,,,
Russia,2021,,,,,,,,,,,,69064625,,,,
Russia,2022,,,,,,,,,,,,69638295,,,,
Russia,2023,,,,,,,,,,,,60097562,,,,
Rwanda,2000,,8221116,,,,,,,,,,,,,,
Rwanda,2005,,9177337,,,,,,,,,,,,,,
Rwanda,2010,,10465962,,,,,,,,,,,,,,
Rwanda,2013,,11233650,,,,,,,,,,,,,,
Rwanda,2016,,12075975,,,,,,,,,,,,,,
Rwanda,2023,,,14059013,,,,,,,,,,,,,
Rwanda (rural),1984,5900372,,,,,,,,,,,,,,,
Saint Lucia,1995,,,,,,,,,147262,,,,,,,
Saint Lucia,2015,,109501,,,,,,,,130622,,,,,,
Samoa,2002,175572,,,,,,,,,,,,,,,
Samoa,2008,179497,,,,,,,,,,,,,,,
Samoa,2013,190268,,,,,,,,,,,,,,,
Sao Tome and Principe,2000,144969,,,,,,,,,,,,,,,
Sao Tome and Principe,2010,,181786,,,,,,,,,,,,,,
Sao Tome and Principe,2017,,,201987,,,,,,,,,,,,,
Senegal,1991,7970935,,,,,,,,,,,,,,,
Senegal,1994,,8683655,,,,,,,,,,,,,,
Senegal,2001,,,10253382,,,,,,,,,,,,,
Senegal,2005,,,,11431172,,,,,,,,,,,,
Senegal,2011,,,,13042432,,,,,,,,,,,,
Senegal,2018,,,,,15963501,,,,,,,,,,,
Senegal,2021,,,,,17373244,,,,,,,,,,,
Serbia,2002,6737690,,,,,,,,,,,,,,,
Serbia,2003,,6892385,,,,,,,,,,,,,,
Serbia,2004,,6924437,,,,,,,,,,,,,,
Serbia,2005,,6802521,,,,,,,,,,,,,,
Serbia,2006,,6991962,,,,,,,,,,,,,,
Serbia,2007,,6980543,,,,,,,,,,,,,,
Serbia,2008,,6914830,,,,,,,,,,,,,,
Serbia,2009,,6933664,,,,,,,,,,,,,,
Serbia,2010,,6903284,,,,,,,,,,,,,,
Serbia,2012,,,,,,,,,,,6496183,,,,,
Serbia,2013,,6815923,,,,,,,,,6652446,,,,,
Serbia,2014,,,,,,,,,,,6616511,,,,,
Serbia,2015,,6593952,,,,,,,,,6607177,,,,,
Serbia,2016,,,,,,,,,,,6465712,,,,,
Serbia,2017,,,,,,,,,,,6504977,,,,,
Serbia,2018,,6223335,,,,,,,,,6239581,,,,,
Serbia,2019,,6404949,,,,,,,,,5973517,,,,,
Serbia,2020,,,,,,,,,,,5832581,,,,,
Serbia,2021,,,,,,,,,,,5668187,,,,,
Serbia,2022,,,,,,,,,,,5358565,,,,,
Seychelles,1999,66780,,,,,,,,,,,,,,,
Seychelles,2006,,72348,,,,,,,,,,,,,,
Seychelles,2013,,,,,,,,,,,73062,,,,,
Seychelles,2018,,,,,,,,,,,72164,,,,,
Sierra Leone,2003,,5222091,,,,,,,,,,,,,,
Sierra Leone,2011,,6385730,,,,,,,,,,,,,,
Sierra Leone,2018,,7533204,,,,,,,,,,,,,,
Slovakia,1992,,,,,,,,,5092433,,,,,,,
Slovakia,1996,,,,,,,,,5009943,,,,,,,
Slovakia,2004,,5072796,,,,,,,,,4949596,,,,,
Slovakia,2005,,4927761,,,,,,,,,4718332,,,,,
Slovakia,2006,,4782934,,,,,,,,,4491212,,,,,
Slovakia,2007,,4743822,,,,,,,,,4375136,,,,,
Slovakia,2008,,4756122,,,,,,,,,4174517,,,,,
Slovakia,2009,,4929879,,,,,,,,,3864286,,,,,
Slovakia,2010,,,,,,,,,,,3782791,,,,,
Slovakia,2011,,,,,,,,,,,3547017,,,,,
Slovakia,2012,,,,,,,,,,,3899841,,,,,
Slovakia,2013,,,,,,,,,,,3854453,,,,,
Slovakia,2014,,,,,,,,,,,3866356,,,,,
Slovakia,2015,,,,,,,,,,,3817742,,,,,
Slovakia,2016,,,,,,,,,,,3751890,,,,,
Slovakia,2017,,,,,,,,,,,3539001,,,,,
Slovakia,2018,,,,,,,,,,,3276328,,,,,
Slovakia,2019,,,,,,,,,,,3133454,,,,,
Slovakia,2020,,,,,,,,,,,3318142,,,,,
Slovakia,2021,,,,,,,,,,,3390188,,,,,
Slovakia,2022,,,,,,,,,,,3708533,,,,,
Slovakia,2023,,,,,,,,,,,3836393,,,,,
Slovenia,1987,,,,,,,,,486699,,,,,,,
Slovenia,1993,,,,,,,,,1483572,,,,,,,
Slovenia,1997,,,,,,,,,,1186211,,,,,,
Slovenia,1998,,,1253063,,,,,,,,,,,,,
Slovenia,1999,,,,,,,,,,1164641,,,,,,
Slovenia,2002,,,1167468,,,,,,,,,,,,,
Slovenia,2003,,,1202748,,,,,,,,,,,,,
Slovenia,2004,,,,,,,,,,,,770337,,,,
Slovenia,2005,,,,,,,,,,,,704089,,,,
Slovenia,2006,,,,,,,,,,,,633619,,,,
Slovenia,2007,,,,,,,,,,,,547284,,,,
Slovenia,2008,,,,,,,,,,,,485191,,,,
Slovenia,2009,,,,,,,,,,,,510107,,,,
Slovenia,2010,,,,,,,,,,,,503262,,,,
Slovenia,2011,,,,,,,,,,,,512059,,,,
Slovenia,2012,,,,,,,,,,,,600046,,,,
Slovenia,2013,,,,,,,,,,,,625592,,,,
Slovenia,2014,,,,,,,,,,,,571255,,,,
Slovenia,2015,,,,,,,,,,,,572163,,,,
Slovenia,2016,,,,,,,,,,,,504950,,,,
Slovenia,2017,,,,,,,,,,,,452858,,,,
Slovenia,2018,,,,,,,,,,,,384117,,,,
Slovenia,2019,,,,,,,,,,,,355714,,,,
Slovenia,2020,,,,,,,,,,,,285612,,,,
Slovenia,2021,,,,,,,,,,,,238654,,,,
Slovenia,2022,,,,,,,,,,,,240033,,,,
Slovenia,2023,,,,,,,,,,,,233222,,,,
Solomon Islands,2005,485473,,,,,,,,,,,,,,,
Solomon Islands,2012,,588580,,,,,,,,,,,,,,
South Africa,1993,41196377,,,,,,,,,,,,,,,
South Africa,2000,,,45826537,,,,,,,,,,,,,
South Africa,2005,,,,45478462,,,,,,,,,,,,
South Africa,2008,,,,46218546,,,,,,,,,,,,
South Africa,2010,,,,46512650,,,,,,,,,,,,
South Africa,2014,,,,50734572,,,,,,,,,,,,
South Korea,2006,,,,,,,,,20101211,,,,,,,
South Korea,2008,,,,,,,,,19496734,,,,,,,
South Korea,2010,,,,,,,,,19567417,,,,,,,
South Korea,2012,,,,,,,,,17318715,,,,,,,
South Korea,2014,,,,,,,,,15730967,,,,,,,
South Korea,2016,,,,,,,,,,13826118,,,,,,
South Korea,2017,,,,,,,,,,12965484,,,,,,
South Korea,2018,,,,,,,,,,11861665,,,,,,
South Korea,2019,,,,,,,,,,10609169,,,,,,
South Korea,2020,,,,,,,,,,9325857,,,,,,
South Korea,2021,,,,,,,,,,8409002,,,,,,
South Sudan,2009,9200396,,,,,,,,,,,,,,,
South Sudan,2016,,10538536,,,,,,,,,,,,,,
Spain,1980,,,,,,,,,28863641,,,,,,,
Spain,1985,,,,,,,,,,30197004,,,,,,
Spain,1990,,,,,,,,,24094685,,,,,,,
Spain,1993,,,,,,,,,,,22039016,,,,,
Spain,1994,,,,,,,,,,,21651268,,,,,
Spain,1995,,,,,,,,,,,22340281,,,,,
Spain,1996,,,,,,,,,,,22136269,,,,,
Spain,1997,,,,,,,,,,,20729597,,,,,
Spain,1998,,,,,,,,,,,19186394,,,,,
Spain,1999,,,,,,,,,,,17457654,,,,,
Spain,2000,,,,,,,,,,,16124378,,,,,
Spain,2003,,,,,,,,,,,,14289708,,,,
Spain,2004,,,,,,,,,,,,15268546,,,,
Spain,2005,,,,,,,,,,,,14418392,,,,
Spain,2006,,,,,,,,,,,,14762277,,,,
Spain,2007,,,,,,,,,,,,11407861,,,,
Spain,2008,,,,,,,,,,,,11188870,,,,
Spain,2009,,,,,,,,,,,,11449962,,,,
Spain,2010,,,,,,,,,,,,13253613,,,,
Spain,2011,,,,,,,,,,,,14516098,,,,
Spain,2012,,,,,,,,,,,,15476187,,,,
Spain,2013,,,,,,,,,,,,16306281,,,,
Spain,2014,,,,,,,,,,,,15824573,,,,
Spain,2015,,,,,,,,,,,,15458658,,,,
Spain,2016,,,,,,,,,,,,14303011,,,,
Spain,2017,,,,,,,,,,,,13561534,,,,
Spain,2018,,,,,,,,,,,,13613729,,,,
Spain,2019,,,,,,,,,,,,12296904,,,,
Spain,2020,,,,,,,,,,,,12921096,,,,
Spain,2021,,,,,,,,,,,,11795684,,,,
Spain,2022,,,,,,,,,,,,11548243,,,,
Spain,2023,,,,,,,,,,,,11208540,,,,
Sri Lanka,1985,15503429,,,,,,,,,,,,,,,
Sri Lanka,1990,,16346794,,,,,,,,,,,,,,
Sri Lanka,1995,,,17631391,,,,,,,,,,,,,
Sri Lanka,2002,,,,19535726,,,,,,,,,,,,
Sri Lanka,2006,,,,20039744,,,,,,,,,,,,
Sri Lanka,2009,,,,20499109,,,,,,,,,,,,
Sri Lanka,2012,,,,20341718,,,,,,,,,,,,
Sri Lanka,2016,,,,20457752,,,,,,,,,,,,
Sri Lanka,2019,,,,21034161,,,,,,,,,,,,
Sudan,2009,34277288,,,,,,,,,,,,,,,
Sudan,2014,,38467167,,,,,,,,,,,,,,
Suriname,2022,,537554,,,,,,,,,,,,,,
Suriname (urban),1999,,,,,,,,,272578,,,,,,,
Sweden,1975,,,,,,,,,,4648056,,,,,,
Sweden,1981,,,,,,,,,,4139186,,,,,,
Sweden,1987,,,,,,,,,,3715744,,,,,,
Sweden,1992,,,,,,,,,,2621813,,,,,,
Sweden,1995,,,,,,,,,,3133321,,,,,,
Sweden,2000,,,,,,,,,,2306569,,,,,,
Sweden,2001,,,,,,,,,,2001476,,,,,,
Sweden,2002,,,,,,,,,,1873778,,,,,,
Sweden,2003,,,,,,,,,,,2250345,,,,,
Sweden,2004,,,,,,,,,,,2213820,,,,,
Sweden,2005,,,,,,,,,,,2161799,,,,,
Sweden,2006,,,,,,,,,,,1808125,,,,,
Sweden,2007,,,,,,,,,,,1627474,,,,,
Sweden,2008,,,,,,,,,,,1535236,,,,,
Sweden,2009,,,,,,,,,,,1547731,,,,,
Sweden,2010,,,,,,,,,,,1444382,,,,,
Sweden,2011,,,,,,,,,,,1439571,,,,,
Sweden,2012,,,,,,,,,,,1370421,,,,,
Sweden,2013,,,,,,,,,,,1483962,,,,,
Sweden,2014,,,,,,,,,,,1310857,,,,,
Sweden,2015,,,,,,,,,,,1281495,,,,,
Sweden,2016,,,,,,,,,,,1305455,,,,,
Sweden,2017,,,,,,,,,,,1236764,,,,,
Sweden,2018,,,,,,,,,,,1328921,,,,,
Sweden,2019,,,,,,,,,,,1250367,,,,,
Sweden,2020,,,,,,,,,,,1159483,,,,,
Sweden,2021,,,,,,,,,,,1301175,,,,,
Sweden,2022,,,,,,,,,,,1374133,,,,,
Sweden,2023,,,,,,,,,,,1375834,,,,,
Switzerland,1982,,,,,,,,,511293,,,,,,,
Switzerland,1992,,,,,,,,,,600339,,,,,,
Switzerland,2000,,,,,,,,,,,610166,,,,,
Switzerland,2002,,,,,,,,,,,527645,,,,,
Switzerland,2004,,,,,,,,,,,553632,,,,,
Switzerland,2006,,,,,,,,,,,,650478,,,,
Switzerland,2007,,,,,,,,,,,,625299,,,,
Switzerland,2008,,,,,,,,,,,,580635,,,,
Switzerland,2009,,,,,,,,,,,,518115,,,,
Switzerland,2010,,,,,,,,,,,,542060,,,,
Switzerland,2011,,,,,,,,,,,,500831,,,,
Switzerland,2012,,,,,,,,,,,,403263,,,,
Switzerland,2013,,,,,,,,,,,,451575,,,,
Switzerland,2014,,,,,,,,,,,,495115,,,,
Switzerland,2015,,,,,,,,,,,,464705,,,,
Switzerland,2016,,,,,,,,,,,,536068,,,,
Switzerland,2017,,,,,,,,,,,,498296,,,,
Switzerland,2018,,,,,,,,,,,,608812,,,,
Switzerland,2019,,,,,,,,,,,,586056,,,,
Switzerland,2020,,,,,,,,,,,,540932,,,,
Switzerland,2021,,,,,,,,,,,,521952,,,,
Switzerland,2022,,,,,,,,,,,,593153,,,,
Syria,1996,14714845,,,,,,,,,,,,,,,
Syria,2003,16658048,,,,,,,,,,,,,,,
Syria,2006,,18625992,,,,,,,,,,,,,,
Syria,2009,,19936626,,,,,,,,,,,,,,
Syria,2022,,,22462172,,,,,,,,,,,,,
Taiwan,1981,,,,,,,,,16046328,,,,,,,
Taiwan,1986,,,,,,,,,15140195,,,,,,,
Taiwan,1991,,,,,,,,,8200366,,,,,,,
Taiwan,1995,,,,,,,,,6323069,,,,,,,
Taiwan,1997,,,,,,,,,5668444,,,,,,,
Taiwan,2000,,,,,,,,,4933028,,,,,,,
Taiwan,2005,,,,,,,,,5508177,,,,,,,
Taiwan,2007,,,,,,,,,6297650,,,,,,,
Taiwan,2010,,,,,,,,,7692328,,,,,,,
Taiwan,2013,,,,,,,,,7294025,,,,,,,
Taiwan,2016,,,,,,,,,6053243,,,,,,,
Taiwan,2017,,,,,,,,,5592984,,,,,,,
Taiwan,2018,,,,,,,,,5539802,,,,,,,
Taiwan,2019,,,,,,,,,5071978,,,,,,,
Taiwan,2020,,,,,,,,,4420877,,,,,,,
Taiwan,2021,,,,,,,,,4579962,,,,,,,
Tajikistan,1999,6208370,,,,,,,,,,,,,,,
Tajikistan,2003,6658367,,,,,,,,,,,,,,,
Tajikistan,2004,,6784449,,,,,,,,,,,,,,
Tajikistan,2007,7166714,,,,,,,,,,,,,,,
Tajikistan,2009,7470560,,,,,,,,,,,,,,,
Tajikistan,2015,8585069,,,,,,,,,,,,,,,
Tajikistan,2021,,,9905456,,,,,,,,,,,,,
Tajikistan,2022,,,9973169,,,,,,,,,,,,,
Tajikistan,2023,,,10189046,,,,,,,,,,,,,
Tajikistan,2024,,,10407578,,,,,,,,,,,,,
Tanzania,1991,27400291,,,,,,,,,,,,,,,
Tanzania,2000,,34566888,,,,,,,,,,,,,,
Tanzania,2007,,41338653,,,,,,,,,,,,,,
Tanzania,2011,,46930190,,,,,,,,,,,,,,
Tanzania,2018,,57027251,,,,,,,,,,,,,,
Thailand,1981,45743079,,,,,,,,,,,,,,,
Thailand,1988,51983832,,,,,,,,,,,,,,,
Thailand,1990,,53373140,,,,,,,,,,,,,,
Thailand,1992,,54147067,,,,,,,,,,,,,,
Thailand,1994,,56095477,,,,,,,,,,,,,,
Thailand,1996,,57356867,,,,,,,,,,,,,,
Thailand,1998,,58904791,,,,,,,,,,,,,,
Thailand,1999,,59697887,,,,,,,,,,,,,,
Thailand,2000,,,60526440,,,,,,,,,,,,,
Thailand,2002,,,61176719,,,,,,,,,,,,,
Thailand,2004,,,61372328,,,,,,,,,,,,,
Thailand,2006,,,61008705,,,,,,,,,,,,,
Thailand,2007,,,61797960,,,,,,,,,,,,,
Thailand,2008,,,61517633,,,,,,,,,,,,,
Thailand,2009,,,61698515,,,,,,,,,,,,,
Thailand,2010,,,61547421,,,,,,,,,,,,,
Thailand,2011,,,62367457,,,,,,,,,,,,,
Thailand,2012,,,60818810,,,,,,,,,,,,,
Thailand,2013,,,60902334,,,,,,,,,,,,,
Thailand,2014,,,,61372986,,,,,,,,,,,,
Thailand,2015,,,,61339905,,,,,,,,,,,,
Thailand,2016,,,,61273772,,,,,,,,,,,,
Thailand,2017,,,,61171589,,,,,,,,,,,,
Thailand,2018,,,,61448934,,,,,,,,,,,,
Thailand,2019,,,,62056076,,,,,,,,,,,,
Thailand,2020,,,,61189652,,,,,,,,,,,,
Thailand,2021,,,,61220177,,,,,,,,,,,,
Thailand,2022,,,,58659810,,,,,,,,,,,,
Thailand,2023,,,,59968634,,,,,,,,,,,,
Togo,2006,6006742,,,,,,,,,,,,,,,
Togo,2011,6905652,,,,,,,,,,,,,,,
Togo,2015,7652592,,,,,,,,,,,,,,,
Togo,2018,,8284232,,,,,,,,,,,,,,
Togo,2021,,8968722,,,,,,,,,,,,,,
Tonga,2000,97614,,,,,,,,,,,,,,,
Tonga,2009,,102473,,,,,,,,,,,,,,
Tonga,2015,,103952,,,,,,,,,,,,,,
Tonga,2021,,,103003,,,,,,,,,,,,,
Trinidad and Tobago,1988,,,,,,,,,952565,,,,,,,
Trinidad and Tobago,1992,,,,,,,,,,1138911,,,,,,
Tunisia,1985,7257481,,,,,,,,,,,,,,,
Tunisia,1990,8149112,,,,,,,,,,,,,,,
Tunisia,1995,,8933509,,,,,,,,,,,,,,
Tunisia,2000,,9426287,,,,,,,,,,,,,,
Tunisia,2005,,,9884442,,,,,,,,,,,,,
Tunisia,2010,,,9999264,,,,,,,,,,,,,
Tunisia,2015,,,10667166,,,,,,,,,,,,,
Tunisia,2021,,,11171163,,,,,,,,,,,,,
Turkey,1987,51002070,,,,,,,,,,,,,,,
Turkey,1994,57741143,,,,,,,,,,,,,,,
Turkey,2002,,63985185,,,,,,,,,,,,,,
Turkey,2003,,64780775,,,,,,,,,,,,,,
Turkey,2004,,63948133,,,,,,,,,,,,,,
Turkey,2005,,64012509,,,,,,,,,,,,,,
Turkey,2006,,64758864,,,,,,,,,,,,,,
Turkey,2007,,64116935,,,,,,,,,,,,,,
Turkey,2008,,63759852,,,,,,,,,,,,,,
Turkey,2009,,64305160,,,,,,,,,,,,,,
Turkey,2010,,65482907,,,,,,,,,,,,,,
Turkey,2011,,64325489,,,,,,,,,,,,,,
Turkey,2012,,64301356,,,,,,,,,,,,,,
Turkey,2013,,64337973,,,,,,,,,,,,,,
Turkey,2014,,64024282,,,,,,,,,,,,,,
Turkey,2015,,65500213,,,,,,,,,,,,,,
Turkey,2016,,64291320,,,,,,,,,,,,,,
Turkey,2017,,64964083,,,,,,,,,62956947,,,,,
Turkey,2018,,65758324,,,,,,,,,62463221,,,,,
Turkey,2019,,65901295,,,,,,,,,63043179,,,,,
Turkey,2020,,,,,,,,,,,62931472,,,,,
Turkey,2021,,,,,,,,,,,61421938,,,,,
Turkey,2022,,,,,,,,,,,59982778,,,,,
Turkmenistan,1998,4385778,,,,,,,,,,,,,,,
Tuvalu,2010,10289,,,,,,,,,,,,,,,
Uganda,1989,17004744,,,,,,,,,,,,,,,
Uganda,1992,,18902076,,,,,,,,,,,,,,
Uganda,1996,,21342488,,,,,,,,,,,,,,
Uganda,1999,,23640878,,,,,,,,,,,,,,
Uganda,2002,,,25759955,,,,,,,,,,,,,
Uganda,2005,,,28171898,,,,,,,,,,,,,
Uganda,2009,,,31653048,,,,,,,,,,,,,
Uganda,2012,,,34689976,,,,,,,,,,,,,
Uganda,2016,,,39359403,,,,,,,,,,,,,
Uganda,2019,,,43816505,,,,,,,,,,,,,
Ukraine,1992,52107369,,,,,,,,,,,,,,,
Ukraine,1993,52133972,,,,,,,,,,,,,,,
Ukraine,1995,,50650827,,,,,,,,,,,,,,
Ukraine,1996,,,50822970,,,,,,,,,,,,,
Ukraine,1999,,,,,,,,,,,,49976448,,,,
Ukraine,2002,,,,,48497295,,,,,,,,,,,
Ukraine,2003,,,,,47983166,,,,,,,,,,,
Ukraine,2004,,,,,47529816,,,,,,,,,,,
Ukraine,2005,,,,,46799756,,,,,,,,,,,
Ukraine,2006,,,,,46112871,,,,,,,,,,,
Ukraine,2007,,,,,46342373,,,,,,,,,,,
Ukraine,2008,,,,,45589120,,,,,,,,,,,
Ukraine,2009,,,,,45789056,,,,,,,,,,,
Ukraine,2010,,,,,45384766,,,,,,,,,,,
Ukraine,2011,,,,,45164419,,,,,,,,,,,
Ukraine,2012,,,,,44826235,,,,,,,,,,,
Ukraine,2013,,,,,44373195,,,,,,,,,,,
Ukraine,2014,,,,,44739765,,,,,,,,,,,
Ukraine,2015,,,,,44722068,,,,,,,,,,,
Ukraine,2016,,,,,44626081,,,,,,,,,,,
Ukraine,2017,,,,,43827627,,,,,,,,,,,
Ukraine,2018,,,,,43143496,,,,,,,,,,,
Ukraine,2019,,,,,41988614,,,,,,,,,,,
Ukraine,2020,,,,,42286964,,,,,,,,,,,
United Arab Emirates,2013,,,,,,,,,1258019,,,,,,,
United Arab Emirates,2018,,,,,,,,,679038,,,,,,,
United Kingdom,1968,,,,,,,,,42509908,,,,,,,
United Kingdom,1969,,,,,,,,,42408551,,,,,,,
United Kingdom,1970,,,,,,,,,41742459,,,,,,,
United Kingdom,1971,,,,,,,,,41919516,,,,,,,
United Kingdom,1972,,,,,,,,,40376051,,,,,,,
United Kingdom,1973,,,,,,,,,37783412,,,,,,,
United Kingdom,1974,,,,,,,,,37808838,,,,,,,
United Kingdom,1975,,,,,,,,,39071438,,,,,,,
United Kingdom,1976,,,,,,,,,39908697,,,,,,,
United Kingdom,1977,,,,,,,,,41020708,,,,,,,
United Kingdom,1978,,,,,,,,,37366617,,,,,,,
United Kingdom,1979,,,,,,,,,37109600,,,,,,,
United Kingdom,1980,,,,,,,,,36743940,,,,,,,
United Kingdom,1981,,,,,,,,,36475286,,,,,,,
United Kingdom,1982,,,,,,,,,32659950,,,,,,,
United Kingdom,1983,,,,,,,,,34362175,,,,,,,
United Kingdom,1984,,,,,,,,,32723257,,,,,,,
United Kingdom,1985,,,,,,,,,31944093,,,,,,,
United Kingdom,1986,,,,,,,,,29184313,,,,,,,
United Kingdom,1987,,,,,,,,,27974430,,,,,,,
United Kingdom,1988,,,,,,,,,25616113,,,,,,,
United Kingdom,1989,,,,,,,,,24684843,,,,,,,
United Kingdom,1990,,,,,,,,,24324068,,,,,,,
United Kingdom,1991,,,,,,,,,23394489,,,,,,,
United Kingdom,1992,,,,,,,,,24326124,,,,,,,
United Kingdom,1993,,,,,,,,,24240899,,,,,,,
United Kingdom,1994,,,,,,,,,,22421525,,,,,,
United Kingdom,1995,,,,,,,,,,22043357,,,,,,
United Kingdom,1996,,,,,,,,,,20500433,,,,,,
United Kingdom,1997,,,,,,,,,,19389421,,,,,,
United Kingdom,1998,,,,,,,,,,18274095,,,,,,
United Kingdom,1999,,,,,,,,,,17454473,,,,,,
United Kingdom,2000,,,,,,,,,,15752179,,,,,,
United Kingdom,2001,,,,,,,,,,14331481,,,,,,
United Kingdom,2002,,,,,,,,,,13949638,,,,,,
United Kingdom,2003,,,,,,,,,,13270726,,,,,,
United Kingdom,2004,,,,,,,,,,12446035,,,,,,
United Kingdom,2005,,,,,,,,,,12533183,,,,,,
United Kingdom,2006,,,,,,,,,,12166214,,,,,,
United Kingdom,2007,,,,,,,,,,11646364,,,,,,
United Kingdom,2008,,,,,,,,,,11742023,,,,,,
United Kingdom,2009,,,,,,,,,,11986503,,,,,,
United Kingdom,2010,,,,,,,,,,11765224,,,,,,
United Kingdom,2011,,,,,,,,,,12489669,,,,,,
United Kingdom,2012,,,,,,,,,,12422045,,,,,,
United Kingdom,2013,,,,,,,,,,12342697,,,,,,
United Kingdom,2014,,,,,,,,,,11788644,,,,,,
United Kingdom,2015,,,,,,,,,,11712230,,,,,,
United Kingdom,2016,,,,,,,,,,11153113,,,,,,
United Kingdom,2017,,,,,,,,,,11377513,,,,,,
United Kingdom,2018,,,,,,,,,,11764044,,,,,,
United Kingdom,2019,,,,,,,,,,10658659,,,,,,
United Kingdom,2020,,,,,,,,,,10676804,,,,,,
United Kingdom,2021,,,,,,,,,,10213915,,,,,,
United States,1963,,,,,,,,,82781898,,,,,,,
United States,1964,,,,,,,,,78666182,,,,,,,
United States,1965,,,,,,,,,72862198,,,,,,,
United States,1966,,,,,,,,,72723926,,,,,,,
United States,1967,,,,,,,,,70542367,,,,,,,
United States,1968,,,,,,,,,65228879,,,,,,,
United States,1969,,,,,,,,,62824987,,,,,,,
United States,1970,,,,,,,,,63050008,,,,,,,
United States,1971,,,,,,,,,62806591,,,,,,,
United States,1972,,,,,,,,,56141459,,,,,,,
United States,1973,,,,,,,,,52969802,,,,,,,
United States,1974,,,,,,,,,55064650,,,,,,,
United States,1975,,,,,,,,,56149449,,,,,,,
United States,1976,,,,,,,,,53957830,,,,,,,
United States,1977,,,,,,,,,53406182,,,,,,,
United States,1978,,,,,,,,,52304760,,,,,,,
United States,1979,,,,,,,,,50632043,,,,,,,
United States,1980,,,,,,,,,56237583,,,,,,,
United States,1981,,,,,,,,,60795876,,,,,,,
United States,1982,,,,,,,,,62539037,,,,,,,
United States,1983,,,,,,,,,61947561,,,,,,,
United States,1984,,,,,,,,,59544692,,,,,,,
United States,1985,,,,,,,,,58279657,,,,,,,
United States,1986,,,,,,,,,55822315,,,,,,,
United States,1987,,,,,,,,,53302632,,,,,,,
United States,1988,,,,,,,,,53173536,,,,,,,
United States,1989,,,,,,,,,53047481,,,,,,,
United States,1990,,,,,,,,,56787451,,,,,,,
United States,1991,,,,,,,,,58814594,,,,,,,
United States,1992,,,,,,,,,59637460,,,,,,,
United States,1993,,,,,,,,,63029629,,,,,,,
United States,1994,,,,,,,,,60516311,,,,,,,
United States,1995,,,,,,,,,59240997,,,,,,,
United States,1996,,,,,,,,,59260426,,,,,,,
United States,1997,,,,,,,,,56570312,,,,,,,
United States,1998,,,,,,,,,53790125,,,,,,,
United States,1999,,,,,,,,,52309048,,,,,,,
United States,2000,,,,,,,,,50788120,,,,,,,
United States,2001,,,,,,,,,52718575,,,,,,,
United States,2002,,,,,,,,,,53918634,,,,,,
United States,2003,,,,,,,,,,52940900,,,,,,
United States,2004,,,,,,,,,,54168966,,,,,,
United States,2005,,,,,,,,,,53931734,,,,,,
United States,2006,,,,,,,,,,53705210,,,,,,
United States,2007,,,,,,,,,,54973614,,,,,,
United States,2008,,,,,,,,,,57776595,,,,,,
United States,2009,,,,,,,,,,55214199,,,,,,
United States,2010,,,,,,,,,,57993792,,,,,,
United States,2011,,,,,,,,,,60024954,,,,,,
United States,2012,,,,,,,,,,60504220,,,,,,
United States,2013,,,,,,,,,,60956261,,,,,,
United States,2014,,,,,,,,,,61452808,,,,,,
United States,2015,,,,,,,,,,56311519,,,,,,
United States,2016,,,,,,,,,,52701360,,,,,,
United States,2017,,,,,,,,,,53070441,,,,,,
United States,2018,,,,,,,,,,49277185,,,,,,
United States,2019,,,,,,,,,,44580254,,,,,,
United States,2020,,,,,,,,,,34808879,,,,,,
United States,2021,,,,,,,,,,29888825,,,,,,
United States,2022,,,,,,,,,,48431588,,,,,,
United States,2023,,,,,,,,,,46309574,,,,,,
Uruguay,2006,,,,,,,,,,,,2577610,,,,
Uruguay,2007,,,,,,,,,,,,2486097,,,,
Uruguay,2008,,,,,,,,,,,,2357169,,,,
Uruguay,2009,,,,,,,,,,,,2259342,,,,
Uruguay,2010,,,,,,,,,,,,2248212,,,,
Uruguay,2011,,,,,,,,,,,,2092234,,,,
Uruguay,2012,,,,,,,,,,,,2026840,,,,
Uruguay,2013,,,,,,,,,,,,1988458,,,,
Uruguay,2014,,,,,,,,,,,,1889536,,,,
Uruguay,2015,,,,,,,,,,,,1855508,,,,
Uruguay,2016,,,,,,,,,,,,1897696,,,,
Uruguay,2017,,,,,,,,,,,,1840823,,,,
Uruguay,2018,,,,,,,,,,,,1884159,,,,
Uruguay,2019,,,,,,,,,,,,1908791,,,,
Uruguay,2020,,,,,,,,,,,,,2055732,,,
Uruguay,2021,,,,,,,,,,,,,,2048936,,
Uruguay,2022,,,,,,,,,,,,,,,1995267,
Uruguay,2023,,,,,,,,,,,,,,,1989895,
Uruguay,2024,,,,,,,,,,,,,,,1904265,
Uruguay (urban),1981,,,,,,,,,1921765,,,,,,,
Uruguay (urban),1989,,,,,,,,,,1987603,,,,,,
Uruguay (urban),1992,,,,,,,,,,,1954239,,,,,
Uruguay (urban),1995,,,,,,,,,,,1968551,,,,,
Uruguay (urban),1996,,,,,,,,,,,2031272,,,,,
Uruguay (urban),1997,,,,,,,,,,,2049065,,,,,
Uruguay (urban),1998,,,,,,,,,,,1975248,,,,,
Uruguay (urban),2000,,,,,,,,,,,2020479,,,,,
Uruguay (urban),2001,,,,,,,,,,,2074340,,,,,
Uruguay (urban),2002,,,,,,,,,,,2241818,,,,,
Uruguay (urban),2003,,,,,,,,,,,2467593,,,,,
Uruguay (urban),2004,,,,,,,,,,,2445110,,,,,
Uruguay (urban),2005,,,,,,,,,,,2424078,,,,,
Uzbekistan,1998,24125854,,,,,,,,,,,,,,,
Uzbekistan,2000,24785201,,,,,,,,,,,,,,,
Uzbekistan,2002,25398253,,,,,,,,,,,,,,,
Uzbekistan,2003,25711260,,,,,,,,,,,,,,,
Uzbekistan,2021,,,,,,,,,,33197086,,,,,,
Uzbekistan,2022,,,,,,,,,,33954345,,,,,,
Uzbekistan,2023,,,,,,,,,,32810371,,,,,,
Uzbekistan,2024,,,,,,,,,,32513755,,,,,,
Vanuatu,2010,236799,,,,,,,,,,,,,,,
Vanuatu,2019,,292595,,,,,,,,,,,,,,
Venezuela,1981,,,,,,,,,13384558,,,,,,,
Venezuela,1987,,,,,,,,,15968301,,,,,,,
Venezuela,1989,,,,,,,,,,17631887,,,,,,
Venezuela,1992,,,,,,,,,,19276644,,,,,,
Venezuela,1995,,,,,,,,,,21105234,,,,,,
Venezuela,1998,,,,,,,,,,22179926,,,,,,
Venezuela,1999,,,,,,,,,,22885624,,,,,,
Venezuela,2001,,,,,,,,,,,23649970,,,,,
Venezuela,2002,,,,,,,,,,,24523931,,,,,
Venezuela,2003,,,,,,,,,,,25324419,,,,,
Venezuela,2004,,,,,,,,,,,25562576,,,,,
Venezuela,2005,,,,,,,,,,,25495823,,,,,
Venezuela,2006,,,,,,,,,,,25330888,,,,,
Vietnam,1992,69246518,,,,,,,,,,,,,,,
Vietnam,1997,75007689,,,,,,,,,,,,,,,
Vietnam,2002,,78646562,,,,,,,,,,,,,,
Vietnam,2004,,80084197,,,,,,,,,,,,,,
Vietnam,2006,,81837593,,,,,,,,,,,,,,
Vietnam,2008,,84583143,,,,,,,,,,,,,,
Vietnam,2010,,,83956657,,,,,,,,,,,,,
Vietnam,2012,,,86182362,,,,,,,,,,,,,
Vietnam,2014,,,88110430,,,,,,,,,,,,,
Vietnam,2016,,,88152068,,,,,,,,,,,,,
Vietnam,2018,,,87799956,,,,,,,,,,,,,
Vietnam,2020,,,86799564,,,,,,,,,,,,,
Vietnam,2022,,,90524431,,,,,,,,,,,,,
Yemen,1998,18322308,,,,,,,,,,,,,,,
Yemen,2005,,22835623,,,,,,,,,,,,,,
Yemen,2014,,30116048,,,,,,,,,,,,,,
Zambia,1991,7940242,,,,,,,,,,,,,,,
Zambia,1993,,8347710,,,,,,,,,,,,,,
Zambia,1996,,,8949248,,,,,,,,,,,,,
Zambia,1998,,,,9414024,,,,,,,,,,,,
Zambia,2002,,,,10895322,,,,,,,,,,,,
Zambia,2004,,,,11527077,,,,,,,,,,,,
Zambia,2006,,,,12286938,,,,,,,,,,,,
Zambia,2010,,,,,13920506,,,,,,,,,,,
Zambia,2015,,,,,16298788,,,,,,,,,,,
Zambia,2022,,,,,20106595,,,,,,,,,,,
Zimbabwe,2011,13441252,,,,,,,,,,,,,,,
Zimbabwe,2017,14693464,,,,,,,,,,,,,,,
Zimbabwe,2019,15035670,,,,,,,,,,,,,,,
